Rk,Player,Nation,Pos,Squad,Age,Born,90s,TotalCmp,TotalAtt,TotalCmp%,TotalDist,TotalPrgDist,ShortCmp,ShortAtt,ShortCmp%,MedCmp,MedAtt,MedCmp%,LongCmp,LongAtt,LongCmp%,Ast,xA,A-xA,KP,FinalThird,PPA,CrsPA,Prog
1,Pierre-Emerick Aubameyang,ga GAB,FW,Arsenal,32-240,1989,11.5,12.5,17.7,70.6,174.4,33.3,8.09,10.1,80.2,3.48,5.39,64.5,0.7,1.22,57.1,0.09,0.07,0.02,0.78,0.35,0.87,0.09,1.13
2,Folarin Balogun,eng ENG,FW,Arsenal,20-225,2001,0.8,5,10,50,75,7.5,2.5,5,50,2.5,3.75,66.7,0,1.25,0,0,0,0,0,0,0,0,0
3,Reiss Nelson,eng ENG,FW,Arsenal,22-065,1999,0.2,50,55,90.9,585,85,30,30,100,15,15,100,0,0,,0,0,0,5,5,0,0,5
4,Alexandre Lacazette,fr FRA,FWMF,Arsenal,30-261,1991,11.5,19.4,25.9,74.8,279.1,65,11.5,14.3,80,4.96,7.04,70.4,1.57,2.35,66.7,0.35,0.1,0.24,1.3,1.65,1.3,0.09,2.52
5,Martinelli,br BRA,FWMF,Arsenal,20-240,2001,10.4,18.4,26.7,68.7,313,52.2,8.56,10.8,79.5,7.02,8.94,78.5,2.02,4.62,43.8,0.19,0.1,0.1,1.54,0.29,0.67,0.29,0.96
6,Nicolas Pépé,ci CIV,FWMF,Arsenal,26-260,1995,5.6,35.2,45.4,77.6,569.6,139.8,18.9,22.1,85.5,12.1,14.6,82.9,2.86,6.43,44.4,0.18,0.29,-0.11,2.14,1.43,1.07,0.36,1.79
7,Bukayo Saka,eng ENG,FWMF,Arsenal,20-161,2001,18.2,27.5,36.7,75,422.1,99.9,15.4,18.5,83.4,9.29,11.5,80.5,1.87,3.79,49.3,0.22,0.19,0.03,1.76,1.15,1.21,0.33,2.42
8,Eddie Nketiah,eng ENG,MFFW,Arsenal,22-259,1999,0.7,42.9,48.6,88.2,700,114.3,20,21.4,93.3,21.4,24.3,88.2,1.43,2.86,50,0,0.43,-0.43,2.86,0,2.86,0,2.86
9,Emile Smith Rowe,eng ENG,MFFW,Arsenal,21-200,2000,14.5,31.9,37,86,488.9,105.3,17.5,19,92,11.6,12.7,91.3,1.72,3.79,45.5,0.14,0.13,0.01,1.52,1.38,1.31,0,2.9
10,Mohamed Elneny,eg EGY,MF,Arsenal,29-217,1992,2,53.5,58,92.2,993.5,199.5,23,24.5,93.9,20,21.5,93,9,9,100,0.5,0.1,0.4,2,8,0.5,0,1
11,Ainsley Maitland-Niles,eng ENG,MF,Arsenal,24-168,1997,3,35,45.3,77.2,641,201,16,19.7,81.4,15.7,18.3,85.5,3.33,6.33,52.6,0,0.1,-0.1,1,4,1,0,4.33
12,Thomas Partey,gh GHA,MF,Arsenal,28-245,1993,15.7,43.2,50.3,85.9,842.6,215.6,17.7,19.7,89.7,17.7,19.9,89.1,7.2,9.55,75.3,0,0.04,-0.04,0.64,5.41,0.51,0,5.22
13,Albert Sambi Lokonga,be BEL,MF,Arsenal,22-114,1999,10.1,53.1,59.5,89.2,966.4,220.2,23.3,25.2,92.2,21.9,23.7,92.5,6.73,9.11,73.9,0,0.06,-0.06,1.29,4.85,1.39,0.1,4.36
14,Granit Xhaka,ch SUI,MF,Arsenal,29-139,1992,10.2,45.4,52.7,86.1,837.9,236.7,19.1,21.1,90.7,19.4,21.9,88.8,5.98,7.84,76.3,0.1,0.07,0.03,0.88,6.57,1.08,0,5.98
15,Martin Ødegaard,no NOR,MF,Arsenal,23-058,1998,15.3,42.7,51.4,83.1,749.4,163.1,20.9,23.7,88.4,15.6,17.7,88.2,5.03,7.65,65.8,0.26,0.24,0.03,2.48,2.61,1.96,0.07,4.71
16,Calum Chambers,eng ENG,DF,Arsenal,27-024,1995,1.9,42.6,51.6,82.7,788.9,257.9,18.4,20,92.1,18.9,22.1,85.7,5.26,8.95,58.8,0,0.05,-0.05,0.53,2.63,0.53,0.53,4.74
17,Gabriel Dos Santos,br BRA,DF,Arsenal,24-056,1997,18.4,48.9,54.9,89,1029.1,270.9,14.2,15,94.6,27.1,28.3,95.6,7.17,10.7,67.3,0,0.04,-0.04,0.22,2.45,0.05,0,1.74
18,Rob Holding,eng ENG,DF,Arsenal,26-146,1995,4.8,41.9,48.3,86.6,865.4,183.8,12.3,13.3,92.2,23.1,24.4,94.9,6.04,9.79,61.7,0,0,0,0,0.63,0,0,1.46
19,Sead Kolašinac,ba BIH,DF,Arsenal,28-238,1993,1,10,13,76.9,167,64,4,4,100,5,8,62.5,1,1,100,0,0,0,0,1,0,0,0
20,Pablo Marí,es ESP,DF,Arsenal,28-166,1993,2,39,43,90.7,820,265.5,11.5,13,88.5,20,20.5,97.6,7,8.5,82.4,0,0.05,-0.05,0.5,4.5,0,0,4
21,Cédric Soares,pt POR,DF,Arsenal,30-166,1991,3.4,30.9,39.4,78.4,536.2,197.6,13.5,14.7,92,13.5,17.1,79.3,3.24,5.59,57.9,0,0.03,-0.03,0.59,1.76,1.47,0.88,2.06
22,Nuno Tavares,pt POR,DF,Arsenal,22-018,2000,6.9,47.8,58,82.5,862.3,235.1,22.3,24.9,89.5,20,22.8,87.9,4.93,7.83,63,0.14,0.12,0.03,0.58,1.74,0.87,0.43,1.88
23,Kieran Tierney,sct SCO,DF,Arsenal,24-253,1997,15.3,38,50,76.1,723.1,226.9,15,17,88.1,18.8,22.3,84.5,3.73,8.82,42.2,0.2,0.08,0.12,1.05,3.07,1.05,0.72,3.07
24,Takehiro Tomiyasu,jp JPN,DF,Arsenal,23-100,1998,15.4,46.4,58.4,79.5,832.9,309,21.3,24.4,87.2,19.4,24.1,80.6,5.06,7.99,63.4,0.06,0.04,0.03,0.65,3.77,0.97,0.78,2.99
25,Ben White,eng ENG,DF,Arsenal,24-128,1997,20,43.8,51.5,85,906.2,284.4,14.1,15.5,91,22.9,24.9,92,6.35,9.95,63.8,0,0.02,-0.02,0.35,3.35,0.15,0,2.4
26,Bernd Leno,de GER,GK,Arsenal,29-346,1992,3,19.3,29,66.7,514.3,308.7,6.33,6.33,100,6.67,6.67,100,6,15.7,38.3,0,0,0,0,0.33,0,0,0
27,Aaron Ramsdale,eng ENG,GK,Arsenal,23-275,1998,19,23.7,35.2,67.4,710.5,443.4,5.05,5.11,99,10.5,10.6,99,8.11,19.4,41.8,0,0,0,0,0.89,0,0,0
28,Philippe Coutinho,br BRA,FW,Aston Villa,29-246,1992,1.9,20,28.9,69.1,301.1,101.6,11.6,14.7,78.6,5.79,7.37,78.6,1.58,2.63,60,1.05,0.42,0.63,1.58,2.11,1.05,0.53,2.11
29,Keinan Davis,eng ENG,FW,Aston Villa,24-000,1998,0.1,30,30,100,490,300,10,10,100,20,20,100,0,0,,0,0,0,0,0,0,0,10
30,Danny Ings,eng ENG,FW,Aston Villa,29-205,1992,12.4,11.4,17.5,65,155.2,41,7.02,9.35,75,2.74,4.44,61.8,0.81,1.69,47.6,0.16,0.06,0.1,0.4,0.65,0.65,0.16,1.37
31,Wesley Moraes,br BRA,FW,Aston Villa,25-079,1996,0,2,2,100,19,10,2,2,100,0,0,,0,0,,0,0,0,0,0,0,0,1
32,Jaden Philogene Bidace,eng ENG,FW,Aston Villa,19-271,2002,0.1,0,0,,0,0,0,0,,0,0,,0,0,,0,0,0,0,0,0,0,0
33,Trézéguet,eg EGY,FW,Aston Villa,27-135,1994,0.1,60,60,100,970,370,50,50,100,0,0,,10,10,100,0,0,0,0,20,10,0,10
34,Ollie Watkins,eng ENG,FW,Aston Villa,26-045,1995,18,17.6,23.8,73.8,246.5,44.9,10.8,13.4,80.5,4.89,6.78,72.1,0.89,1.5,59.3,0.06,0.06,-0.01,0.94,1.06,0.67,0,1.61
35,Leon Bailey,jm JAM,FWMF,Aston Villa,24-188,1997,4.7,18.5,27.9,66.4,333.4,75.3,8.3,10.2,81.3,6.6,9.15,72.1,2.98,7.02,42.4,0.43,0.06,0.36,1.06,0.64,1.28,0.43,2.55
36,Emi Buendía,ar ARG,FWMF,Aston Villa,25-050,1996,14.4,30,39.1,76.7,484.7,137.9,15.5,18.7,82.9,10.6,12.7,83.1,2.78,5.14,54.1,0.21,0.17,0.04,1.74,2.85,1.88,0.21,4.79
37,Anwar El Ghazi,nl NED,FWMF,Aston Villa,26-286,1995,4.3,19.1,26.7,71.3,293.5,86,11.6,13.5,86.2,6.05,9.53,63.4,1.16,1.86,62.5,0.23,0.09,0.14,0.93,0.23,1.4,0.93,1.63
38,Cameron Archer,eng ENG,MFFW,Aston Villa,20-207,2001,0.3,16.7,16.7,100,303.3,93.3,3.33,3.33,100,13.3,13.3,100,0,0,,0,0,0,0,0,3.33,0,10
39,Carney Chukwuemeka,eng ENG,MFFW,Aston Villa,18-037,2004,2.1,25.7,33.3,77.1,404.3,47.1,12.4,15.7,78.8,11.4,12.9,88.9,1.43,1.43,100,0.48,0.48,0,0.95,0.48,0,0,0.48
40,Jacob Ramsey,eng ENG,MFFW,Aston Villa,20-261,2001,14.8,29.5,35.1,83.8,526.5,144.7,13.2,15,88.3,12.4,13.9,88.8,3.38,4.53,74.6,0.07,0.09,-0.03,0.68,3.24,0.81,0.07,3.85
41,Bertrand Traoré,bf BFA,MFFW,Aston Villa,26-160,1995,1.7,25.3,32.9,76.8,488.2,121.8,10.6,12.4,85.7,10.6,12.9,81.8,4.12,4.71,87.5,0,0,0,0,2.35,2.35,0,5.29
42,Ashley Young,eng ENG,FWDF,Aston Villa,36-219,1985,8.3,27.8,36.4,76.5,510.1,156.7,13.3,15.7,84.6,10.6,13.1,80.7,3.73,6.39,58.5,0.24,0.02,0.22,0.84,2.53,0.6,0,2.77
43,Douglas Luiz,br BRA,MF,Aston Villa,23-280,1998,16.7,35.8,44.4,80.7,712.6,193.4,14,15.7,88.9,14.4,16.9,85.2,6.77,10.3,65.7,0.18,0.11,0.07,1.44,2.51,0.66,0,3.17
44,John McGinn,sct SCO,MF,Aston Villa,27-118,1994,18.4,28.4,38.5,73.8,664.8,261.1,9.18,11.3,81.6,12.3,14.8,83.2,6.63,11.7,56.7,0.11,0.15,-0.04,1.47,4.84,1.63,0.49,5.05
45,Marvelous Nakamba,zw ZIM,MF,Aston Villa,28-025,1994,8.4,32.1,37.3,86.3,541.8,149,15.2,17.3,88.3,14,15.6,90.1,2.38,3.57,66.7,0,0.01,-0.01,0.36,2.62,0.12,0,2.98
46,Morgan Sanson,fr FRA,MF,Aston Villa,27-179,1994,2.5,35.6,47.6,74.8,666,160.4,16.4,17.6,93.2,16,20.8,76.9,2.8,6.8,41.2,0,0,0,0,4.8,0.4,0,2.8
47,Matty Cash,pl POL,DF,Aston Villa,24-190,1997,21.8,28.9,41.8,69.3,559.5,230.4,12.2,14,87.2,12,15.4,78,4.13,10.8,38.1,0.05,0.06,-0.01,0.64,1.97,0.83,0.37,2.75
48,Calum Chambers,eng ENG,DF,Aston Villa,27-024,1995,0,0,1,0,0,0,0,0,,0,0,,0,0,,0,0,0,0,0,0,0,0
49,Lucas Digne,fr FRA,DF,Aston Villa,28-208,1993,3,38,53.3,71.3,628.7,297.7,21.7,23,94.2,11.3,18.3,61.8,4.33,8.33,52,0.33,0.13,0.2,1.67,1.67,0.33,0.33,4.33
50,Kortney Hause,eng ENG,DF,Aston Villa,26-212,1995,4.4,36.8,46.8,78.6,797.5,225.5,12,13.2,91.4,17,20.5,83.3,7.5,12.3,61.1,0,0,0,0,1.82,0,0,1.36
51,Ezri Konsa,eng ENG,DF,Aston Villa,24-113,1997,20,28.2,33,85.6,566.4,173,8.25,9.2,89.7,15.8,17.1,92.4,3.7,5.9,62.7,0,0.01,-0.01,0.15,0.95,0,0,1.25
52,Tyrone Mings,eng ENG,DF,Aston Villa,28-337,1993,19.4,35.5,44.8,79.2,789.2,275.9,8.92,10.8,82.8,20.1,22.2,90.5,6.13,11.1,55.3,0.05,0.04,0.02,0.26,2.63,0.31,0.05,2.42
53,Matt Targett,eng ENG,DF,Aston Villa,26-148,1995,15.9,37.6,50.6,74.3,733.8,350.3,15.3,18.1,84.7,17.1,20.6,83.2,4.65,9.56,48.7,0.06,0.14,-0.08,1.38,4.21,1.45,0.5,5.85
54,Axel Tuanzebe,eng ENG,DF,Aston Villa,24-091,1997,5.6,35.2,40.5,86.8,765.5,199.3,8.93,9.82,90.9,18.6,20.5,90.4,6.96,9.46,73.6,0,0,0,0,0.54,0,0,1.07
55,Emiliano Martínez,ar ARG,GK,Aston Villa,29-164,1992,21,22.1,31.5,70.2,684.3,397,3.57,3.62,98.7,10.2,10.2,100,8.24,17.5,47,0,0,0,0,0.38,0,0,0
56,Jed Steer,eng ENG,GK,Aston Villa,29-143,1992,1,27,36,75,759,560,2,2,100,16,16,100,9,18,50,0,0,0,0,0,0,0,0
57,Bryan Mbeumo,fr FRA,FW,Brentford,22-190,1999,19.8,16.6,25.3,65.6,273.2,54.7,9.14,11.9,77,5,7.32,68.3,1.87,3.79,49.3,0.15,0.11,0.05,1.11,0.76,0.86,0.2,1.41
58,Ivan Toney,eng ENG,FW,Brentford,25-334,1996,21,13,22.8,57.1,189.6,68.1,7.86,11.7,67.1,3.76,6.95,54.1,0.86,2.19,39.1,0.1,0.17,-0.08,1.05,1.76,0.76,0.05,2.29
59,Marcus Forss,fi FIN,FWMF,Brentford,22-240,1999,2.3,10.4,17.8,58.5,165.2,47.8,6.96,9.57,72.7,1.3,4.78,27.3,1.74,2.61,66.7,0.43,0,0.43,0,1.74,0.43,0,2.17
60,Yoane Wissa,cd COD,FWMF,Brentford,25-163,1996,6.6,12.3,18,68.1,187,37.4,7.42,9.09,81.7,3.48,5.45,63.9,1.06,1.67,63.6,0,0.03,-0.03,0.45,0.61,0.61,0.15,1.21
61,Josh Dasilva,eng ENG,MFFW,Brentford,23-113,1998,0.7,18.6,31.4,59.1,387.1,102.9,7.14,8.57,83.3,8.57,14.3,60,2.86,7.14,40,0,0,0,0,2.86,0,0,1.43
62,Shandon Baptiste,gd GRN,MF,Brentford,23-311,1998,9.1,22.9,27.8,82.2,389,77.6,11.3,12.9,88,8.68,10.2,84.9,2.09,3.19,65.5,0.11,0.04,0.07,0.77,2.31,0.44,0.11,1.76
63,Mads Bidstrup,dk DEN,MF,Brentford,20-353,2001,0.5,16,22,72.7,284,34,10,12,83.3,4,8,50,2,2,100,0,0,0,0,0,0,0,0
64,Vitaly Janelt,de GER,MF,Brentford,23-279,1998,15.7,30.1,39.9,75.6,572.2,193.2,11.9,14.2,83.9,13.4,16.2,83.1,3.82,7.58,50.4,0,0.1,-0.1,0.89,3.18,0.96,0.19,4.27
65,Mathias Jensen,dk DEN,MF,Brentford,26-043,1996,11.4,32.2,45.3,71.1,711.5,228.3,12.8,15,85.4,10.8,14,76.9,8.33,15.1,55.2,0.09,0.25,-0.16,2.46,3.51,1.49,0.79,3.68
66,Christian Nørgaard,dk DEN,MF,Brentford,27-340,1994,23.6,39.1,49.6,78.7,713.5,214.7,16.9,20.5,82.2,16.9,20,84.5,4.62,7.29,63.4,0.08,0.08,0,0.72,4.58,0.68,0.08,4.96
67,Frank Onyeka,ng NGA,MF,Brentford,24-043,1998,11.2,23,28.7,80.4,396,82.7,10.4,12.6,82.3,10,11.5,86.8,2.32,3.3,70.3,0,0.02,-0.02,0.36,1.61,0.54,0,1.96
68,Saman Ghoddos,ir IRN,MFDF,Brentford,28-160,1993,4.7,27,38.9,69.4,499.6,168.7,13.2,17.4,75.6,8.72,11.7,74.5,4.47,8.09,55.3,0.21,0.26,-0.04,1.28,2.55,2.13,0.43,3.62
69,Kristoffer Ajer,no NOR,DF,Brentford,23-302,1998,11.3,25.5,37.9,67.3,464.3,211.7,10,12.7,79,12.3,16.9,72.8,2.65,5.84,45.5,0,0.05,-0.05,0.18,1.77,0.62,0.09,2.83
70,Mads Bech Sørensen,dk DEN,DF,Brentford,23-037,1999,4.2,42.6,56.9,74.9,854,351.9,13.8,16.2,85.3,22.4,26.4,84.7,5.71,12.4,46.2,0,0.05,-0.05,0.71,3.1,0.48,0.48,1.19
71,Sergi Canós,es ESP,DF,Brentford,25-011,1997,19.9,19.5,32.9,59.4,347.9,152.1,9.8,12.6,77.7,7.09,10.6,66.8,2.36,7.19,32.9,0.1,0.08,0.03,0.65,1.81,1.11,0.35,3.47
72,Charlie Goode,eng ENG,DF,Brentford,26-194,1995,5,38,60,63.3,943.4,291,7,10.6,66,19.4,28,69.3,11.4,19.8,57.6,0,0.06,-0.06,1.4,3.2,0.4,0.2,2.4
73,Rico Henry,eng ENG,DF,Brentford,24-220,1997,18.4,25.1,35.4,70.8,424.7,127,11.5,14.1,81.9,10.4,13.5,76.7,2.39,4.84,49.4,0,0.03,-0.03,0.49,1.68,0.65,0.33,2.72
74,Pontus Jansson,se SWE,DF,Brentford,31-000,1991,24.9,33.5,40.9,82,705.6,202.9,9.24,10.8,85.5,18.9,21.7,86.9,5.14,7.67,67,0.04,0.02,0.02,0.08,0.92,0,0,1.61
75,Mathias Jørgensen,dk DEN,DF,Brentford,31-296,1990,4.8,40.8,57.1,71.5,766.3,336,16.7,19.2,87,20,27.1,73.8,3.75,9.17,40.9,0,0.02,-0.02,0.42,2.71,0.63,0.63,2.71
76,Ethan Pinnock,jm JAM,DF,Brentford,28-260,1993,22.7,41,54.1,75.8,827,307,13.7,15.9,85.6,20.8,26.3,79.1,6.08,10.6,57.3,0.04,0.05,-0.01,0.44,2.29,0.31,0.13,2.16
77,Mads Roerslev,dk DEN,DF,Brentford,22-234,1999,10.1,14.5,22.8,63.5,268.5,85.2,5.54,7.13,77.8,6.93,10,69.3,1.78,4.16,42.9,0.1,0.06,0.04,0.5,0.89,0.59,0.5,2.28
78,Finley Stevens,wls WAL,DF,Brentford,18-309,2003,0.2,25,40,62.5,470,255,10,15,66.7,15,20,75,0,5,0,0,0,0,5,0,5,0,10
79,Dominic Thompson,eng ENG,DF,Brentford,21-202,2000,1.6,13.1,25.6,51.2,211.3,57.5,6.25,8.75,71.4,5,6.25,80,1.25,8.13,15.4,0,0,0,0,0,0,0,0.63
80,Álvaro Fernández,es ESP,GK,Brentford,23-306,1998,12,26.8,41.7,64.4,784.3,441.6,5.33,5.5,97,12.3,12.5,98,9.17,23.6,38.9,0,0,0,0,0.83,0,0,0.08
81,Jonas Lössl,dk DEN,GK,Brentford,33-012,1989,2,22,31,71,683,390.5,3.5,3.5,100,8,8,100,10,19,52.6,0,0,0,0,1,0,0,0.5
82,David Raya,es ESP,GK,Brentford,26-151,1995,11,28.4,45.5,62.4,978,668.7,4.36,4.36,100,11,11.3,97.6,12.8,29.5,43.4,0,0,0,0,1.73,0.09,0,0.09
83,Aaron Connolly,ie IRL,FW,Brighton,22-016,2000,1.7,8.82,10.6,83.3,124.7,5.88,5.29,6.47,81.8,3.53,4.12,85.7,0,0,,0,0.24,-0.24,0.59,0,0,0,0
84,Jürgen Locadia,nl NED,FW,Brighton,28-098,1993,0.3,6.67,10,66.7,143.3,0,0,0,,6.67,6.67,100,0,0,,0,0,0,0,0,0,0,0
85,Neal Maupay,fr FRA,FW,Brighton,25-183,1996,17.6,18.1,23.5,77,255.3,40.7,11.1,13.2,83.7,5.11,6.7,76.3,0.8,1.19,66.7,0.11,0.09,0.02,1.08,0.68,0.85,0.06,1.19
86,Jeremy Sarmiento,ec ECU,FW,Brighton,19-242,2002,0.2,25,35,71.4,380,70,15,25,60,10,10,100,0,0,,0,0,0,0,10,0,0,0
87,Leandro Trossard,be BEL,FWMF,Brighton,27-071,1994,19.3,28.7,36.2,79.4,523.8,115.5,13.9,16.2,85.9,9.38,12,78,4.35,5.39,80.8,0.05,0.1,-0.05,1.45,2.64,1.92,0.21,4.25
88,Danny Welbeck,eng ENG,FWMF,Brighton,31-079,1990,5.2,14,17.3,81.1,161,22.5,10.4,11.3,91.5,2.31,2.88,80,0.58,0.77,75,0,0.02,-0.02,0.19,0.38,0.58,0,0.96
89,Alexis Mac Allister,ar ARG,MFFW,Brighton,23-051,1998,9.7,39.8,51.1,77.8,762.2,218,17.6,20.9,84.2,16.5,18.2,90.4,5.46,10.5,52,0.21,0.1,0.1,1.44,5.05,1.55,0.31,5.05
90,Jakub Moder,pl POL,MFFW,Brighton,22-312,1999,15.8,32.2,44,73.1,525.6,153.2,16.3,19.6,82.9,12.2,16.5,73.9,2.72,4.75,57.3,0.19,0.09,0.09,0.7,3.16,0.89,0.13,3.67
91,Taylor Richards,eng ENG,MFFW,Brighton,21-071,2000,0.3,73.3,86.7,84.6,1426.7,366.7,23.3,26.7,87.5,40,46.7,85.7,10,10,100,0,0,0,0,6.67,0,0,6.67
92,Steven Alzate,co COL,MF,Brighton,23-158,1998,2.8,42.9,47.5,90.2,742.9,210,18.6,20.4,91.2,17.1,17.9,96,5.71,7.14,80,0,0.07,-0.07,1.07,3.93,1.07,0.36,4.29
93,Yves Bissouma,ml MLI,MF,Brighton,25-167,1996,13.7,46.6,52.3,89,861.6,167.2,20.2,22.5,89.9,20.2,21.9,92.3,5.62,7.01,80.2,0.07,0.04,0.03,0.36,3.36,0.73,0,2.7
94,Adam Lallana,eng ENG,MF,Brighton,33-279,1988,16.1,48.2,55.1,87.5,764.5,161.7,25.9,28.4,91.2,18,19.8,91.2,3.04,4.6,66.2,0.06,0.04,0.02,0.43,3.66,0.99,0,3.35
95,Enock Mwepu,zm ZAM,MF,Brighton,24-043,1998,7.1,27.2,36.9,73.7,416.2,97.3,14.8,18.5,80.2,9.58,12.1,79.1,1.97,4.08,48.3,0.42,0.15,0.27,0.7,1.27,0.56,0,2.11
96,Tariq Lamptey,eng ENG,DFFW,Brighton,21-136,2000,10.1,35,46,75.9,515.2,120.2,20.7,24,86.4,11.6,15.4,75,1.49,3.37,44.1,0.2,0.12,0.08,1.39,1.09,1.09,0.79,2.48
97,Solly March,eng ENG,DFFW,Brighton,27-208,1994,10,31.2,42.9,72.7,566.5,159.3,15.4,18.3,84.2,11.2,14.9,75.2,3.7,7.3,50.7,0.1,0.14,-0.04,1.9,1.3,1.4,0.6,2.8
98,Pascal Groß,de GER,MFDF,Brighton,30-243,1991,12.4,46.5,60.6,76.8,883.9,239.1,20.2,22.6,89.6,18.5,22.7,81.6,6.94,12.3,56.2,0.16,0.21,-0.05,2.58,2.98,1.61,0.73,4.19
99,Dan Burn,eng ENG,DF,Brighton,29-280,1992,11.4,44.7,54.8,81.6,976.1,259.6,11.1,13.3,83.6,24.3,27.5,88.2,8.77,12.7,69,0,0,0,0.09,3.68,0.18,0,3.16
100,Marc Cucurella,es ESP,DF,Brighton,23-206,1998,19.3,54.9,67.1,81.8,901.1,323,29.1,31.9,91.1,20.2,23.8,84.8,4.56,8.08,56.4,0.05,0.1,-0.05,1.4,3.37,1.45,0.67,5.13
101,Shane Duffy,ie IRL,DF,Brighton,30-043,1992,13,53.2,59.8,89.1,1221.8,349.4,10.8,11.5,94,31.8,34.2,93.2,10.4,13.5,76.7,0,0.01,-0.01,0.15,2.31,0.15,0,1.38
102,Lewis Dunk,eng ENG,DF,Brighton,30-084,1991,15,66.1,72.2,91.5,1515.7,398.7,14.8,15.8,93.7,37.5,39.1,95.7,13.3,16.6,80.3,0,0.01,-0.01,0.07,2.73,0.13,0.07,1.8
103,Joël Veltman,nl NED,DF,Brighton,30-029,1992,17.1,45.4,58.7,77.3,882.5,348.2,15.6,17.7,88.1,24.7,30.2,82,4.56,8.36,54.5,0.06,0.05,0.01,0.7,3.63,0.64,0.18,4.04
104,Adam Webster,eng ENG,DF,Brighton,27-040,1995,12,63.3,75.8,83.5,1365.1,477.8,16.4,18.8,87.6,36.7,39.8,92.2,9.5,15.6,61,0,0.01,-0.01,0.08,6.58,0.08,0,4.92
105,Robert Sánchez,es ESP,GK,Brighton,24-087,1997,22,31.2,42.8,73,891.2,456,5.14,5.18,99.1,16.1,16.5,97.8,10,21.1,47.4,0,0.02,-0.02,0.14,0.68,0.05,0,0
106,Jason Steele,eng ENG,GK,Brighton,31-179,1990,1,34,38,89.5,824,323,8,8,100,19,19,100,7,11,63.6,0,0,0,0,0,0,0,0
107,Ashley Barnes,eng ENG,FW,Burnley,32-106,1989,4.3,13.7,20.9,65.6,209.8,55.8,8.84,11.9,74.5,3.72,5.35,69.6,1.16,2.33,50,0,0.19,-0.19,1.63,2.09,0.7,0,1.86
108,Jay Rodriguez,eng ENG,FW,Burnley,32-199,1989,6.3,11.6,17.6,65.8,162.9,41.6,7.78,10.5,74.2,2.38,5.08,46.9,0.95,1.27,75,0.16,0.19,-0.03,0.95,1.43,0,0,1.11
109,Matěj Vydra,cz CZE,FW,Burnley,29-288,1992,5,9.6,14.4,66.7,112,22.6,6,8.8,68.2,2,2.8,71.4,0.2,0.4,50,0.2,0.04,0.16,0.8,0.2,0,0,0.6
110,Wout Weghorst,nl NED,FW,Burnley,29-190,1992,2,18.5,27,68.5,208,63,12.5,15.5,80.6,3.5,6,58.3,0.5,1.5,33.3,0.5,0.2,0.3,0.5,1,0.5,0,2.5
111,Chris Wood,nz NZL,FW,Burnley,30-068,1991,15.2,12,20.1,59.5,175.5,37.4,7.89,12.3,64.2,3.09,5.33,58,0.79,0.99,80,0,0.01,-0.01,0.46,1.12,0.33,0,1.25
112,Maxwel Cornet,ci CIV,FWMF,Burnley,25-139,1996,8.5,13.9,21.9,63.4,194.9,44.9,8.47,12,70.6,3.76,5.29,71.1,0.82,2.71,30.4,0,0.07,-0.07,0.71,0.47,0.71,0.24,1.41
113,Aaron Lennon,eng ENG,MFFW,Burnley,34-303,1987,4.9,13.1,18.4,71.1,192.4,41,7.76,8.78,88.4,4.69,6.53,71.9,0.61,2.04,30,0,0,0,0,0.61,0.2,0,1.22
114,Jóhann Berg Guðmundsson,is ISL,MF,Burnley,31-109,1990,12.2,17.9,28.3,63.2,285.8,74,11,13.5,81.2,4.75,7.3,65.2,1.8,5.16,34.9,0.08,0.02,0.06,0.49,0.49,0.98,0.9,1.07
115,Josh Brownhill,eng ENG,MF,Burnley,26-056,1995,15.4,25.6,34.5,74.4,445.1,106.4,13.2,15.9,82.9,8.83,11.3,78.2,3.05,5.71,53.4,0,0.06,-0.06,0.97,2.34,0.52,0,2.86
116,Jack Cork,eng ENG,MF,Burnley,32-233,1989,7.1,18.6,26.3,70.6,295.5,68.7,10.8,14.5,74.8,5.07,7.04,72,1.97,3.24,60.9,0,0,0,0.14,1.55,0.14,0,1.27
117,Dwight McNeil,eng ENG,MF,Burnley,22-083,1999,19.7,22.1,31.5,70.3,433.6,124.8,9.64,11.1,87.2,8.02,9.85,81.4,3.86,8.07,47.8,0.05,0.13,-0.08,1.32,1.78,1.37,0.86,1.73
118,Dale Stephens,eng ENG,MF,Burnley,32-246,1989,1.4,31.4,41.4,75.9,605,153.6,10.7,16.4,65.2,15.7,18.6,84.6,4.29,5,85.7,0,0,0,0.71,1.43,0.71,0,2.14
119,Ashley Westwood,eng ENG,MF,Burnley,31-318,1990,17.8,35.2,48.7,72.3,734.7,245.6,13.1,14.9,87.6,14.4,18.1,79.5,7.13,14,51,0.17,0.17,-0.01,1.46,4.33,1.46,0.11,4.33
120,Nathan Collins,ie IRL,DF,Burnley,20-289,2001,5,23.4,32.4,72.2,504.2,186.6,7.6,8.8,86.4,10.2,12.6,81,5,9.6,52.1,0,0.08,-0.08,0.6,1.8,0.2,0,1.6
121,Matthew Lowton,eng ENG,DF,Burnley,32-249,1989,16.8,30.2,44.1,68.6,589.4,284.5,15.1,17,88.8,9.94,13.5,73.9,4.88,11.7,41.8,0.12,0.07,0.05,0.65,3.21,1.19,0.48,4.05
122,Ben Mee,eng ENG,DF,Burnley,32-143,1989,16,26.3,35.6,73.8,638.4,239.3,6.69,7.63,87.7,12.6,14.8,85.2,6.69,12.2,54.9,0,0.01,-0.01,0.13,2.38,0.13,0,2.06
123,Erik Pieters,nl NED,DF,Burnley,33-190,1988,4.2,31.9,44,72.4,573.3,219,14.5,17.6,82.4,13.3,16,83.6,3.57,8.57,41.7,0,0,0,0,2.14,0.24,0,2.86
124,Connor Roberts,wls WAL,DF,Burnley,26-143,1995,3.2,22.2,38.4,57.7,438.1,206.9,10,10.9,91.4,7.5,13.8,54.5,4.38,12.2,35.9,0,0,0,0.31,2.19,1.56,0.31,3.44
125,James Tarkowski,eng ENG,DF,Burnley,29-086,1992,19,22.3,31.4,71,557.7,229.4,5.53,7.16,77.2,10.3,13.3,77.1,6.26,10.3,61,0.11,0.02,0.08,0.21,3.16,0.26,0,2.53
126,Charlie Taylor,eng ENG,DF,Burnley,28-148,1993,16,32.6,46.2,70.5,595.4,268.5,15.8,18.1,87.2,12,15.9,75.3,4.13,10.2,40.5,0.06,0.1,-0.04,0.75,2.31,1,0.69,3.13
127,Wayne Hennessey,wls WAL,GK,Burnley,35-020,1987,2,20,40,50,1059,926.5,0.5,0.5,100,4,4,100,15.5,35.5,43.7,0,0.05,-0.05,1.5,2.5,0,0,0
128,Nick Pope,eng ENG,GK,Burnley,29-300,1992,18,14.5,29.1,49.9,705.6,591.1,0.83,0.89,93.8,2.83,3,94.4,10.8,25.2,43,0,0.01,-0.01,0.11,1.44,0.06,0,0
129,Romelu Lukaku,be BEL,FW,Chelsea,28-276,1993,12.1,13.1,18.3,71.9,173.9,21.8,8.6,10.6,81.3,3.14,4.63,67.9,0.66,0.99,66.7,0,0.18,-0.18,1.24,0.33,0.66,0,0.83
130,Timo Werner,de GER,FW,Chelsea,25-344,1996,6.4,16.7,24.2,69,223,43.3,10.6,13,81.9,5,6.88,72.7,0.31,1.41,22.2,0.16,0.03,0.13,0.31,0.78,0.63,0,1.41
131,Kai Havertz,de GER,FWMF,Chelsea,22-247,1999,10.5,25.5,31.4,81.2,361.9,68.5,15.7,17.6,89.2,6.57,8.67,75.8,1.62,2.1,77.3,0.1,0.07,0.03,0.29,1.71,0.76,0.1,2.29
132,Callum Hudson-Odoi,eng ENG,FWMF,Chelsea,21-098,2000,10.7,29.3,36.7,79.6,463.5,101.2,16.2,18.8,86.1,10.1,12.3,81.8,2.06,3.83,53.7,0.19,0.21,-0.03,2.24,0.84,1.87,0.47,2.9
133,Christian Pulisic,us USA,FWMF,Chelsea,23-148,1998,8.4,24.2,30.8,78.4,349.8,72.5,15.2,17.4,87.7,7.38,9.4,78.5,1.07,1.79,60,0,0.06,-0.06,0.95,0.95,0.71,0,1.79
134,Hakim Ziyech,ma MAR,FWMF,Chelsea,28-331,1993,8.7,32.6,45.5,71.7,548.9,185.5,17.5,20.1,86.9,11.1,14.8,75.2,2.87,7.47,38.5,0.23,0.24,-0.01,1.95,3.45,1.84,0.57,5.06
135,Mason Mount,eng ENG,MFFW,Chelsea,23-034,1999,16,33.9,44.4,76.3,517.3,158.6,19.3,21.8,88.5,10.3,12.9,79.2,2.63,6,43.8,0.38,0.26,0.11,2.13,2.06,1.94,0.44,3.94
136,Saúl Ñíguez,es ESP,MFFW,Chelsea,27-084,1994,1.8,57.8,67.2,86,1043.9,157.8,26.7,28.9,92.3,22.8,26.7,85.4,7.22,10,72.2,0,0,0,0,3.33,0,0,1.11
137,Ross Barkley,eng ENG,MF,Chelsea,28-070,1993,1.7,52.9,64.7,81.8,882.4,201.2,29.4,32.4,90.9,15.3,18.8,81.3,6.47,8.24,78.6,0,0.29,-0.29,4.12,3.53,3.53,0,5.88
138,Jorginho,it ITA,MF,Chelsea,30-055,1991,16.9,61.8,69.6,88.8,1102.2,267.9,26.4,28.8,91.8,28.3,30.8,92.1,5.74,8.05,71.3,0.06,0.12,-0.07,0.83,5.33,1.36,0,5.15
139,N'Golo Kanté,fr FRA,MF,Chelsea,30-321,1991,10.7,51.9,61.4,84.5,881.7,235,25.5,29,88.1,21,24.3,86.5,4.3,5.42,79.3,0.19,0.08,0.1,0.75,4.3,1.5,0,6.17
140,Mateo Kovačić,hr CRO,MF,Chelsea,27-283,1994,12.5,58.8,66.2,88.8,1095.9,253.3,25.8,27.9,92.6,24.4,26.6,91.6,7.6,10,76,0.4,0.21,0.19,1.36,6.08,1.36,0,6
141,Ruben Loftus-Cheek,eng ENG,MF,Chelsea,26-021,1996,7.7,50.5,57.1,88.4,856.1,180.8,23.6,26.1,90.5,22.1,24.4,90.4,3.51,4.29,81.8,0.26,0.1,0.16,0.65,4.42,1.3,0,5.19
142,Marcos Alonso,es ESP,DF,Chelsea,31-047,1990,15.9,42.6,56.1,75.9,749.4,275.5,20.4,23.1,88.3,17.1,20.9,81.7,4.03,8.99,44.8,0.13,0.18,-0.05,1.57,2.77,1.07,0.5,4.21
143,César Azpilicueta,es ESP,DF,Chelsea,32-169,1989,15.4,58.6,71.6,81.9,986.9,393.1,28.1,31.1,90.4,26.6,30.8,86.5,3.51,7.47,47,0.13,0.12,0.01,0.91,3.96,1.04,0.06,5.26
144,Trevoh Chalobah,eng ENG,DF,Chelsea,22-223,1999,10.1,60,66.5,90.2,1119.3,338.8,24,25.7,93.1,29.1,31.2,93.3,6.63,8.91,74.4,0,0,0,0,6.44,0.3,0,3.27
145,Ben Chilwell,eng ENG,DF,Chelsea,25-054,1996,6,44.2,57.2,77.3,701,192.3,22.3,24.3,91.8,18.2,21.8,83.2,2.67,7.83,34,0.17,0.15,0.02,1.67,1.17,1,0.17,2.17
146,Andreas Christensen,dk DEN,DF,Chelsea,25-309,1996,11.1,64.5,71.2,90.6,1323.1,386.8,21.3,22.9,92.9,31.3,33.8,92.5,11.1,13.2,84.2,0,0.01,-0.01,0.27,5.59,0.45,0,4.23
147,Reece James,eng ENG,DF,Chelsea,22-067,1999,12.4,62.4,73.9,84.5,1043.3,286.4,31.4,34.1,92,24.6,28.5,86.4,5.56,8.39,66.3,0.4,0.27,0.13,2.5,2.74,2.34,0.56,5.73
148,Emerson Palmieri,it ITA,DF,Chelsea,27-194,1994,0.1,10,20,50,80,0,10,10,100,0,0,,0,0,,0,0,0,0,0,0,0,0
149,Antonio Rüdiger,de GER,DF,Chelsea,28-347,1993,23,58.9,67.3,87.5,1262.6,387.7,17.1,18.3,93.3,31.7,34.1,93,9.7,14,69.5,0,0.04,-0.04,0.48,5.91,0.78,0.17,4.52
150,Malang Sarr,fr FRA,DF,Chelsea,23-021,1999,3,61,68,89.7,1115.7,292.3,22,22.7,97.1,31.3,32.3,96.9,6.33,10.7,59.4,0,0,0,0,2,0,0,1.67
151,Thiago Silva,br BRA,DF,Chelsea,37-144,1984,18.3,72.7,78.7,92.3,1576.2,538.7,21.4,22.2,96.3,37.8,39.6,95.4,13.1,16,81.8,0,0.01,-0.01,0.22,6.23,0.55,0,4.1
152,Kepa Arrizabalaga,es ESP,GK,Chelsea,27-133,1994,4,28.8,34.8,82.7,690.8,323.5,7,7,100,14.8,14.8,100,6.75,12.8,52.9,0,0,0,0,0.25,0,0,0
153,Edouard Mendy,sn SEN,GK,Chelsea,29-349,1992,20,22.6,27.7,81.4,553.9,315.3,6.1,6.15,99.2,10.2,10.4,97.6,5.7,10.5,54.3,0,0,0,0,0.05,0,0,0
154,Jordan Ayew,gh GHA,FW,Crystal Palace,30-155,1991,15.9,26.5,35,75.9,405.8,79.5,15.1,16.9,89.2,9.12,11.6,78.8,1.7,3.96,42.9,0.13,0.13,-0.01,1.13,1.26,0.88,0.31,2.01
155,Christian Benteke,be BEL,FW,Crystal Palace,31-072,1990,12.1,16.2,23.1,70.3,247.3,44.1,9.26,12.1,76.2,4.71,7.44,63.3,1.49,2.15,69.2,0.08,0.09,-0.01,0.83,0.83,0.66,0,1.24
156,Odsonne Édouard,fr FRA,FW,Crystal Palace,24-028,1998,13.8,18,25.1,72,260.4,57.5,11.4,14.2,80.6,5.51,7.75,71,0.8,1.23,64.7,0.22,0.14,0.07,1.09,1.38,0.65,0.07,2.17
157,Jean-Philippe Mateta,fr FRA,FW,Crystal Palace,24-230,1997,4.4,13.4,19.1,70.2,152.5,10.2,10.5,12.7,82.1,2.27,3.86,58.8,0.23,0.91,25,0.23,0.2,0.02,0.45,0.23,0,0,0
158,Wilfried Zaha,ci CIV,FW,Crystal Palace,29-095,1992,17.5,25,32.7,76.4,400.1,121.9,13,15.9,82,9.2,11.7,78.9,2.11,3.03,69.8,0.06,0.17,-0.11,1.31,1.03,2.4,0.46,4.29
159,Michael Olise,fr FRA,FWMF,Crystal Palace,20-063,2001,6.4,42.7,56.7,75.2,743.4,210,20.3,23.4,86.7,17.3,23,75.5,4.38,8.75,50,0.63,0.31,0.31,1.88,2.03,2.5,0.63,5.78
160,Eberechi Eze,eng ENG,MFFW,Crystal Palace,23-229,1998,1.5,33.3,44.7,74.6,516,96,20.7,22.7,91.2,10,14,71.4,2,5.33,37.5,0,0.07,-0.07,0.67,1.33,0.67,0,2
161,Jeffrey Schlupp,gh GHA,MFFW,Crystal Palace,29-052,1992,10.4,24.7,33.1,74.7,437.8,107.9,10.2,12.7,80.3,11.5,14.4,80,2.5,4.13,60.5,0.1,0.1,0,0.77,2.12,0.29,0.1,2.21
162,Conor Gallagher,eng ENG,MF,Crystal Palace,22-007,2000,20.4,30.2,38.9,77.7,543.5,133.3,14.1,16.1,87.8,11.4,13.6,83.5,3.92,7.35,53.3,0.15,0.16,-0.01,1.47,2.45,0.83,0.34,2.11
163,Will Hughes,eng ENG,MF,Crystal Palace,26-302,1995,8.1,37.2,46.4,80.1,713.1,159.3,15.2,17.4,87.2,16.7,18.3,91.2,4.81,9.14,52.7,0.12,0.07,0.05,0.86,2.35,0.86,0.37,2.35
164,Cheikhou Kouyaté,sn SEN,MF,Crystal Palace,32-054,1989,14.7,30.7,36.4,84.3,520.8,134,13.5,15.9,85,13.4,15.4,87.2,2.59,3.4,76,0.07,0.03,0.03,0.2,2.24,0.2,0.07,2.31
165,James McArthur,sct SCO,MF,Crystal Palace,34-129,1987,10.8,45.1,54.3,83.1,837.9,185.5,18.1,20.2,89.9,19.8,22.1,89.5,5.83,9.07,64.3,0.09,0.07,0.02,0.83,4.07,1.11,0.46,4.35
166,Luka Milivojević,rs SRB,MF,Crystal Palace,30-312,1991,6.3,48.6,60.8,79.9,948.4,262.9,16.8,19.2,87.6,22.9,26.7,85.7,7.14,12.2,58.4,0,0.1,-0.1,1.11,3.81,0.95,0.32,4.92
167,Jesuran Rak Sakyi,eng ENG,MF,Crystal Palace,19-131,2002,0.2,50,60,83.3,680,125,30,30,100,10,15,66.7,5,5,100,0,0,0,0,0,0,0,0
168,Jaïro Riedewald,nl NED,MF,Crystal Palace,25-157,1996,1.3,34.6,41.5,83.3,707.7,166.9,10,12.3,81.3,20,20.8,96.3,4.62,6.92,66.7,0,0.08,-0.08,1.54,2.31,0,0,3.08
169,Joachim Andersen,dk DEN,DF,Crystal Palace,25-258,1996,18.4,57.5,67.1,85.7,1458.4,419.3,10.9,11.9,91.3,30.4,32.1,94.6,16.1,22.7,71,0.05,0.04,0.01,0.49,4.24,0.22,0.05,2.66
170,Nathaniel Clyne,eng ENG,DF,Crystal Palace,30-314,1991,1,29,43,67.4,456,256,16,17,94.1,12,18,66.7,1,7,14.3,0,0,0,0,1,0,0,0
171,Nathan Ferguson,eng ENG,DF,Crystal Palace,21-130,2000,0.1,30,50,60,230,200,10,10,100,0,0,,0,20,0,0,0,0,0,0,0,0,0
172,Marc Guéhi,eng ENG,DF,Crystal Palace,21-215,2000,23,55.6,63.3,87.8,1169.5,386.2,15.7,16.7,94,32.5,34.8,93.5,7.17,11.1,64.5,0,0,0,0.04,3.83,0.09,0,3.17
173,Tyrick Mitchell,eng ENG,DF,Crystal Palace,22-165,1999,23.9,41.4,56,73.9,709,343.6,19,21.4,88.9,18.2,23.5,77.2,3.35,8.24,40.6,0.04,0.04,0,0.63,2.97,1.13,0.5,4.14
174,James Tomkins,eng ENG,DF,Crystal Palace,32-321,1989,6.1,45.4,51.6,87.9,1099.7,287,7.7,8.52,90.4,27.4,28.9,94.9,10.2,13.6,74.7,0,0.07,-0.07,0.33,0.82,0,0,1.48
175,Joel Ward,eng ENG,DF,Crystal Palace,32-107,1989,23,50,62.6,79.8,924.7,330.9,21.3,23.8,89.2,22.9,26.4,86.8,5.35,10.7,50.2,0,0.02,-0.02,0.26,3.3,0.61,0.17,2.74
176,Jack Butland,eng ENG,GK,Crystal Palace,28-340,1993,3,23,35,65.7,522,288.3,9.67,9.67,100,8.67,9.33,92.9,4.67,16,29.2,0,0,0,0,0.33,0,0,0
177,Vicente Guaita,es ESP,GK,Crystal Palace,35-034,1987,21,25.4,31.2,81.4,664.2,339.8,6.62,6.62,100,10.6,10.6,99.6,7.71,13.5,57.2,0,0,0,0,0.05,0,0,0
178,Dominic Calvert-Lewin,eng ENG,FW,Everton,24-334,1997,6.5,12.3,19.2,64,153.2,24.8,7.54,10.3,73.1,3.08,5.23,58.8,0.46,1.08,42.9,0,0.08,-0.08,1.08,0.31,0.31,0,0.77
179,Anwar El Ghazi,nl NED,FW,Everton,26-286,1995,0.1,50,60,83.3,640,260,40,50,80,0,0,,10,10,100,0,0,0,0,0,0,0,0
180,Moise Kean,it ITA,FW,Everton,21-350,2000,0,1,1,100,17,0,0,0,,1,1,100,0,0,,0,0,0,0,0,0,0,0
181,Salomón Rondón,ve VEN,FW,Everton,32-150,1989,7.9,14.6,21.4,68,186.3,29.2,8.99,11.9,75.5,3.04,5.32,57.1,0.63,1.14,55.6,0,0.08,-0.08,0.76,0.89,0.13,0,0.38
182,Ellis Simms,eng ENG,FW,Everton,21-039,2001,0.7,12.9,22.9,56.3,158.6,20,8.57,14.3,60,4.29,8.57,50,0,0,,0,0,0,0,0,0,0,0
183,Cenk Tosun,tr TUR,FW,Everton,30-251,1991,0.1,20,20,100,370,0,10,10,100,10,10,100,0,0,,0,0,0,0,0,0,0,0
184,Lewis Dobbin,eng ENG,FWMF,Everton,19-041,2003,0.4,10,17.5,57.1,265,60,5,7.5,66.7,0,2.5,0,5,7.5,66.7,0,0,0,0,2.5,0,0,2.5
185,Richarlison,br BRA,FWMF,Everton,24-279,1997,13.2,12.6,18.3,68.6,191.6,46.8,6.21,8.18,75.9,5,6.14,81.5,0.68,1.44,47.4,0.23,0.14,0.08,1.21,0.91,0.61,0.08,1.44
186,Anthony Gordon,eng ENG,MFFW,Everton,20-354,2001,12.1,22,31.4,70,359.7,108.3,11.2,13.8,80.8,6.94,9.34,74.3,2.48,4.88,50.8,0.17,0.13,0.03,1.32,1.32,1.07,0.5,2.73
187,Demarai Gray,eng ENG,MFFW,Everton,25-230,1996,17,20.6,28.9,71.5,388.6,83.4,8.71,10.2,85.1,7.71,9.94,77.5,3.18,6.24,50.9,0.12,0.15,-0.04,1.65,0.76,1.06,0.41,1.65
188,Alex Iwobi,ng NGA,MFFW,Everton,25-286,1996,8.9,24.6,30.6,80.5,396.3,119.1,12.6,14,89.6,8.54,10.7,80,2.13,3.48,61.3,0.11,0.15,-0.03,1.69,1.8,1.01,0.34,2.81
189,Tyler Onyango,eng ENG,MFFW,Everton,18-346,2003,0.3,0,3.33,0,0,0,0,0,,0,3.33,0,0,0,,0,0,0,0,0,0,0,0
190,Allan,br BRA,MF,Everton,31-036,1991,18.1,30.7,39.6,77.5,590.8,177,11.4,13.4,85.1,14.1,17.2,82.3,4.25,6.8,62.6,0.11,0.03,0.08,0.72,3.59,0.83,0.11,4.75
191,Dele Alli,eng ENG,MF,Everton,25-308,1996,0.9,27.8,40,69.4,403.3,145.6,11.1,16.7,66.7,8.89,12.2,72.7,2.22,3.33,66.7,0,0.11,-0.11,4.44,3.33,1.11,0,4.44
192,Donny van de Beek,nl NED,MF,Everton,24-301,1997,1.3,56.2,60,93.6,914.6,306.2,25.4,25.4,100,23.8,23.8,100,4.62,6.92,66.7,0,0,0,0.77,6.92,1.54,0,7.69
193,Tom Davies,eng ENG,MF,Everton,23-228,1998,1.8,25.6,32.8,78,405.6,96.7,11.7,12.2,95.5,10.6,12.8,82.6,1.67,3.33,50,0,0,0,0,1.11,0.56,0,3.89
194,Fabian Delph,eng ENG,MF,Everton,32-084,1989,2.8,37.9,44.6,84.8,803.6,208.6,17.9,19.3,92.6,11.8,13.9,84.6,8.21,10.4,79.3,0,0,0,0.36,4.29,0.36,0,4.64
195,Abdoulaye Doucouré,fr FRA,MF,Everton,29-043,1993,15.7,31,39.6,78.3,532.7,121.7,14.9,17.8,83.6,12.2,14.6,83.4,2.87,4.39,65.2,0.25,0.08,0.18,0.64,3.06,0.83,0.06,3.69
196,Jean-Philippe Gbamin,ci CIV,MF,Everton,26-141,1995,0.7,22.9,30,76.2,320,28.6,17.1,20,85.7,4.29,7.14,60,1.43,2.86,50,0,0,0,0,0,0,0,0
197,André Gomes,pt POR,MF,Everton,28-198,1993,5.1,31.4,41,76.6,596.5,173.9,14.5,16.5,88.1,11.8,14.1,83.3,4.51,7.84,57.5,0.2,0.04,0.16,0.78,4.12,0.59,0,2.75
198,Andros Townsend,eng ENG,MF,Everton,30-212,1991,15.7,20.8,30,69.4,367.9,129.6,9.68,11.5,84.4,8.54,10.9,78.4,2.36,6.05,38.9,0.13,0.15,-0.03,1.85,1.08,1.78,0.83,2.93
199,Jarrad Branthwaite,eng ENG,DF,Everton,19-231,2002,1.6,23.8,35,67.9,379.4,173.8,12.5,14.4,87,9.38,12.5,75,1.25,6.25,20,0,0,0,0,0.63,0,0,1.88
200,Séamus Coleman,ie IRL,DF,Everton,33-125,1988,16.6,35.4,47.9,74,628.8,316.1,16.6,18.9,87.6,14.2,19.2,73.9,4.16,8.37,49.6,0,0.05,-0.05,0.48,3.92,1.02,0.48,3.61
201,Lucas Digne,fr FRA,DF,Everton,28-208,1993,13,37.5,52.2,71.8,657.5,329,16.8,20.2,83.6,16.2,20.6,78.7,3.23,8,40.4,0,0.13,-0.13,1.54,2.23,0.92,0.31,3.77
202,Ben Godfrey,eng ENG,DF,Everton,24-029,1998,16.5,26.6,35.2,75.7,502.7,190.8,10.1,11.9,84.7,13.2,16.9,77.8,2.97,5.21,57,0,0.04,-0.04,0.73,2.24,0.79,0.42,1.58
203,Mason Holgate,eng ENG,DF,Everton,25-114,1996,9.8,25.1,36.4,68.9,603.7,178.7,6.63,8.06,82.3,11.7,16,73.2,6.53,12.1,53.8,0,0,0,0,1.33,0.1,0,1.63
204,Michael Keane,eng ENG,DF,Everton,29-033,1993,21,29.5,38.4,76.8,718.4,237,8.33,9.67,86.2,13,15.7,83.3,7.9,12.5,63.1,0.1,0.03,0.07,0.19,3,0.19,0,2.57
205,Jonjoe Kenny,eng ENG,DF,Everton,24-335,1997,4,29.5,42.5,69.4,587,238.8,12.5,13.5,92.6,11.8,17.5,67.1,4.75,9.5,50,0.25,0.05,0.2,1,3.25,0.75,0.5,3
206,Yerry Mina,co COL,DF,Everton,27-143,1994,7.2,32.2,39,82.6,712.2,201.4,9.31,10.7,87,14.7,17.5,84.1,6.94,8.75,79.4,0,0,0,0,2.08,0,0,1.53
207,Vitaliy Mykolenko,ua UKR,DF,Everton,22-260,1999,1,47,59,79.7,730,196,26,28,92.9,18,23,78.3,3,7,42.9,0,0,0,0,2,0,0,4
208,Asmir Begović,ba BIH,GK,Everton,34-238,1987,1,12,23,52.2,453,291,0,0,,5,5,100,7,18,38.9,0,0,0,0,0,0,0,0
209,Jordan Pickford,eng ENG,GK,Everton,27-343,1994,21,16.4,31.4,52.2,667,468.6,1.86,1.86,100,5.29,5.43,97.4,9.14,24,38.1,0,0,0,0.1,0.95,0,0,0
210,Patrick Bamford,eng ENG,FW,Leeds United,28-161,1993,5.1,13.9,17.3,80.7,219.8,29.2,8.24,9.02,91.3,4.12,5.1,80.8,1.37,2.16,63.6,0.39,0.12,0.27,0.78,0.78,0.78,0.2,1.18
211,Joe Gelhardt,eng ENG,FW,Leeds United,19-285,2002,3.5,12.9,17.4,73.8,165.1,47.7,7.43,9.43,78.8,3.71,4.57,81.3,0.29,1.43,20,0.29,0.06,0.23,0.86,1.14,0.57,0,1.43
212,Liam McCarron,sct SCO,FW,Leeds United,20-343,2001,0.1,20,20,100,530,0,0,0,,10,10,100,10,10,100,0,0,0,0,0,0,0,0
213,Jack Harrison,eng ENG,FWMF,Leeds United,25-085,1996,17,23.5,36,65.2,369.1,125.6,13.9,17.6,79.3,7.06,10.8,65.6,1.94,4.82,40.2,0.06,0.11,-0.05,1.65,1.41,1.41,0.35,3.65
214,Daniel James,wls WAL,FWMF,Leeds United,24-095,1997,15.8,13,20.1,65,199.3,49.7,7.34,9.56,76.8,4.37,6.71,65.1,1.01,2.28,44.4,0.06,0.09,-0.03,0.82,0.7,0.82,0.06,1.9
215,Raphael Dias Belloli,br BRA,MFFW,Leeds United,25-061,1996,19.5,25.4,39.4,64.5,471.9,201.6,11.4,14,81.7,9.08,12.6,72.2,3.69,9.79,37.7,0.1,0.23,-0.12,2.21,3.13,1.44,0.36,5.54
216,Tyler Roberts,wls WAL,MFFW,Leeds United,23-032,1999,10.3,20.5,27.9,73.5,316.9,75,11.2,13.6,82.1,6.21,8.25,75.3,1.84,3.4,54.3,0.1,0.13,-0.03,1.36,1.55,1.17,0.29,2.23
217,Rodrigo,es ESP,MFFW,Leeds United,30-344,1991,13.3,25.3,33.4,75.9,462.4,136.5,12.9,16.3,78.8,8.2,9.7,84.5,3.53,5.04,70.1,0.08,0.24,-0.17,1.95,3.01,1.73,0.45,3.53
218,Crysencio Summerville,nl NED,MFFW,Leeds United,20-106,2001,1.4,34.3,45,76.2,479.3,122.9,18.6,22.1,83.9,12.1,17.1,70.8,1.43,2.86,50,0,0,0,0.71,2.14,2.86,0,4.29
219,Lewis Bate,eng ENG,MF,Leeds United,19-107,2002,0.5,30,38,78.9,362,62,24,30,80,6,6,100,0,2,0,0,0,0,0,0,0,0,2
220,Hélder Costa,ao ANG,MF,Leeds United,28-032,1994,0.2,20,20,100,325,0,15,15,100,5,5,100,0,0,,0,0,0,0,0,0,0,0
221,Adam Forshaw,eng ENG,MF,Leeds United,30-128,1991,10,37.1,44.3,83.7,694.9,160.6,17.1,18.7,91.4,12.9,15.5,83.2,5.9,7.6,77.6,0.1,0.1,0,1.1,3.5,0.6,0,3
222,Sam Greenwood,eng ENG,MF,Leeds United,20-018,2002,0.1,50,70,71.4,1090,0,0,0,,20,20,100,20,30,66.7,0,0,0,0,0,0,0,0
223,Mateusz Klich,pl POL,MF,Leeds United,31-245,1990,13.8,32.5,41.8,77.6,503.5,138.9,17.9,20.6,87,10.9,13.6,80.7,2.32,4.64,50,0.14,0.13,0.01,1.88,3.19,1.16,0.22,4.42
224,Stuart McKinstry,sct SCO,MF,Leeds United,19-148,2002,0,2,3,66.7,29,0,1,1,100,1,1,100,0,1,0,0,0,0,0,0,0,0,0
225,Kalvin Phillips,eng ENG,MF,Leeds United,26-073,1995,11.1,46.4,56.5,82.1,1058.1,257.7,12.4,15,83.1,23.5,25.3,92.9,10,14.9,67.3,0.09,0.02,0.07,0.54,4.77,0.72,0.18,3.78
226,Robin Koch,de GER,MFDF,Leeds United,25-211,1996,7,28.1,36,78.2,609.3,169,6.86,8.86,77.4,16.3,19,85.7,4.86,7.43,65.4,0,0.01,-0.01,0.29,1.29,0.43,0,1.71
227,Stuart Dallas,nir NIR,DFMF,Leeds United,30-300,1991,21.9,40,50.2,79.7,734.7,249.5,18.7,20.7,90.5,15.8,18.3,86.5,4.75,9.13,52,0.05,0.09,-0.04,1.19,3.61,0.82,0.27,3.56
228,Pascal Struijk,nl NED,DFMF,Leeds United,22-186,1999,13.3,50.1,56.5,88.7,1072,282,14.4,15.7,91.4,27.2,28.6,95.3,8.05,10.9,73.8,0,0.01,-0.01,0.3,2.93,0.15,0,3.68
229,Luke Ayling,eng ENG,DF,Leeds United,30-172,1991,14,52.9,65.9,80.3,1116.3,463.7,19,21.5,88.4,24.2,27.2,89,9.21,15.6,59.2,0.14,0.01,0.14,0.21,4.21,0.36,0.14,4.71
230,Liam Cooper,sct SCO,DF,Leeds United,30-167,1991,14.2,52.2,59.6,87.6,1152,343.2,13.2,14.4,92.2,29.9,31.4,95.3,8.73,13.1,66.7,0.07,0,0.07,0.14,2.25,0,0,2.39
231,Charlie Cresswell,eng ENG,DF,Leeds United,19-068,2002,1.1,48.2,63.6,75.7,1070.9,340,11.8,12.7,92.9,26.4,28.2,93.5,10,22.7,44,0,0,0,0,2.73,0,0,3.64
232,Cody Drameh,eng ENG,DF,Leeds United,20-067,2001,1.4,42.9,55,77.9,660,285,27.9,31.4,88.6,12.9,16.4,78.3,2.14,2.86,75,0,0,0,0.71,2.14,1.43,0.71,4.29
233,Junior Firpo,es ESP,DF,Leeds United,25-175,1996,10.3,43.4,51.8,83.7,730.9,267,20.3,23.2,87.4,19.6,22.3,87.8,2.82,4.95,56.9,0,0.06,-0.06,0.97,2.91,0.87,0.19,4.08
234,Leo Fuhr Hjelde,no NOR,DF,Leeds United,18-171,2003,1.7,48.8,65.3,74.8,755.9,278.8,27.6,32.4,85.5,17.6,21.2,83.3,2.94,7.65,38.5,0,0,0,0.59,2.35,0,0,2.94
235,Diego Llorente,es ESP,DF,Leeds United,28-181,1993,16.1,46,56,82,1035.1,288.4,10.2,11.7,87.3,26.9,29.8,90.4,8.45,13.2,63.8,0,0.01,-0.01,0.12,2.8,0.25,0,2.92
236,Jamie Shackleton,eng ENG,DF,Leeds United,22-128,1999,7,45.3,52.1,86.8,748.1,223.7,22.1,24.3,91.2,19,21.1,89.9,3.43,4.14,82.8,0,0,0,0.29,2.86,0.29,0,2.43
237,Illan Meslier,fr FRA,GK,Leeds United,21-348,2000,23,29.5,38.4,76.7,712,330.6,6.65,6.65,100,15.6,15.8,98.6,7.04,15.7,44.8,0,0,0,0,0,0,0,0
238,Kasey McAteer,eng ENG,FW,Leicester City,20-083,2001,0,1,1,100,8,0,1,1,100,0,0,,0,0,,0,0,0,0,0,0,0,0
239,Jamie Vardy,eng ENG,FW,Leicester City,35-033,1987,14.7,9.39,13.1,71.5,151.2,32.4,4.56,6.12,74.4,3.81,5.1,74.7,0.54,0.88,61.5,0.07,0.09,-0.02,1.09,0.68,1.02,0.14,1.43
240,Harvey Barnes,eng ENG,FWMF,Leicester City,24-066,1997,12.4,21.8,30.2,72.2,303.2,82.3,13.5,16,84.3,6.37,9.19,69.3,0.89,2.42,36.7,0.24,0.17,0.07,1.29,1.05,0.73,0.16,2.66
241,Patson Daka,zm ZAM,FWMF,Leicester City,23-127,1998,5.7,12.8,16.8,76,182.3,46.1,7.72,9.65,80,4.21,5.44,77.4,0.35,0.53,66.7,0.53,0.25,0.28,0.7,0.53,0.7,0,2.11
242,Kelechi Iheanacho,ng NGA,FWMF,Leicester City,25-133,1996,6.9,20.9,28.1,74.2,311.2,77.8,11.3,13.9,81.3,6.67,8.26,80.7,1.3,2.9,45,0.58,0.32,0.26,1.59,1.59,1.01,0.14,3.04
243,Ademola Lookman,eng ENG,FWMF,Leicester City,24-116,1997,10.6,25,32.4,77.3,338.5,90.8,15.8,18.5,85.7,7.45,9.34,79.8,0.66,1.89,35,0,0.13,-0.13,1.51,1.42,1.6,0.19,3.3
244,Ayoze Pérez,es ESP,FWMF,Leicester City,28-205,1993,2.4,24.2,30,80.6,363.8,107.1,14.6,17.1,85.4,6.67,9.17,72.7,2.08,2.5,83.3,0.83,0.29,0.54,2.5,2.5,0.83,0,4.58
245,James Maddison,eng ENG,MFFW,Leicester City,25-082,1996,15.9,24.3,34.2,71.3,448.9,144.3,10.9,13.5,80.5,9.56,11.7,81.7,3.4,7.61,44.6,0.19,0.16,0.03,1.38,2.64,1.32,0.19,3.65
246,Kiernan Dewsbury Hall,eng ENG,MF,Leicester City,23-160,1998,7.8,42.3,54,78.4,664,164.7,23.2,25.9,89.6,14.6,19,77,3.33,6.54,51,0.26,0.13,0.13,1.41,3.08,0.9,0.26,3.33
247,Boubakary Soumaré,fr FRA,MF,Leicester City,22-351,1999,11.4,36.1,43.9,82.2,631.3,151.8,15.9,19.3,82.3,15.8,17.9,88.2,3.51,5.44,64.5,0.09,0.02,0.07,0.35,2.72,0.35,0,3.16
248,Youri Tielemans,be BEL,MF,Leicester City,24-282,1997,15.4,48,59,81.4,894.5,254.8,20.2,23.2,86.9,21.5,24.4,88.3,5.58,9.81,57,0.13,0.2,-0.07,1.62,5.19,0.97,0.06,6.17
249,Marc Albrighton,eng ENG,DFFW,Leicester City,32-087,1989,7.1,20.3,33.2,61,327.7,149.3,11.7,13.5,86.5,7.04,10.7,65.8,1.13,6.34,17.8,0,0.04,-0.04,0.56,1.69,0.85,0.28,2.11
250,Hamza Choudhury,eng ENG,MFDF,Leicester City,24-135,1997,2.5,38.8,46.8,82.9,705.6,156,18,20.8,86.5,14.4,16.4,87.8,5.6,7.6,73.7,0,0,0,0,0.8,0,0,1.2
251,Wilfred Ndidi,ng NGA,MFDF,Leicester City,25-059,1996,14,40.2,49.1,82,699.7,174.5,18.4,21.4,86.3,17.9,20.2,88.7,3.14,5.29,59.5,0,0,0,0,2,0.14,0,2.93
252,Daniel Amartey,gh GHA,DF,Leicester City,27-054,1994,10.7,48.3,54.5,88.7,965.1,300.6,14.8,15.7,94,27.5,29.6,92.7,5.79,7.94,72.9,0,0,0,0.09,1.78,0,0,2.8
253,Ryan Bertrand,eng ENG,DF,Leicester City,32-192,1989,3.7,41.6,51.6,80.6,705.1,291.1,20.3,21.9,92.6,17.6,21.1,83.3,2.43,4.86,50,0,0.08,-0.08,0.54,2.97,0.27,0,1.89
254,Timothy Castagne,be BEL,DF,Leicester City,26-070,1995,14.1,39.9,50.1,79.5,668.2,249.4,20.6,23.9,86.1,15.2,18.8,80.8,3.48,5.74,60.5,0,0.03,-0.03,0.43,1.99,0.5,0.07,2.77
255,Jonny Evans,nir NIR,DF,Leicester City,34-041,1988,8.4,47.7,58.6,81.5,1078.9,386.9,10,12.1,82.4,29.5,32.1,91.9,7.98,13.9,57.3,0.12,0.06,0.06,0.24,2.62,0.12,0,2.38
256,James Justin,eng ENG,DF,Leicester City,23-355,1998,2.4,37.9,50.8,74.6,595.4,209.6,18.3,20.4,89.8,16.3,20,81.3,2.08,7.08,29.4,0,0.13,-0.13,1.25,0.83,0.42,0,3.75
257,Ricardo Pereira,pt POR,DF,Leicester City,28-130,1993,6.6,41.5,53,78.3,677.4,233.2,22,25.3,86.8,16.5,19.8,83.2,2.73,5.76,47.4,0.3,0.17,0.14,0.91,1.21,1.67,0.3,3.94
258,Çağlar Söyüncü,tr TUR,DF,Leicester City,25-266,1996,17.7,52.5,61.6,85.2,1062.7,332.9,16,17.5,91.6,29.3,31.5,93.2,6.61,11.4,57.9,0,0.01,-0.01,0.11,2.26,0.06,0.06,1.86
259,Luke Thomas,eng ENG,DF,Leicester City,20-248,2001,12.6,44.9,55.3,81.2,729.8,255.6,22,23.7,93,19.1,22.5,84.9,2.86,6.75,42.4,0.08,0.1,-0.02,0.63,2.54,0.79,0,3.49
260,Jannik Vestergaard,dk DEN,DF,Leicester City,29-194,1992,6.3,51.9,56,92.6,1156.5,329.8,13.8,14.4,95.6,28.6,29.8,95.7,8.89,10.5,84.8,0,0,0,0.16,1.9,0,0,2.22
261,Kasper Schmeichel,dk DEN,GK,Leicester City,35-100,1986,21,25.3,36.9,68.7,818.9,458.9,2.71,2.76,98.3,11.3,11.4,99.2,11.2,22.6,49.6,0,0,0,0,0.19,0.05,0,0
262,Luis Díaz,co COL,FW,Liverpool,25-031,1997,1,40,46,87,614,80,24,25,96,11,16,68.8,3,3,100,0,0,0,0,2,4,0,6
263,Roberto Firmino,br BRA,FW,Liverpool,30-134,1991,7.4,34.1,43.5,78.3,518.5,107.7,18.9,21.2,89.2,11.5,15,76.6,2.3,3.11,73.9,0.41,0.27,0.14,1.76,2.16,0.95,0,2.57
264,Kaide Gordon,eng ENG,FW,Liverpool,17-131,2004,0.1,40,40,100,500,0,20,20,100,0,0,,10,10,100,0,0,0,0,0,0,0,0
265,Diogo Jota,pt POR,FW,Liverpool,25-071,1996,18.1,21.2,29,73.1,339.7,83.1,10.7,13.6,78.9,8.45,10.7,79.3,1.38,2.54,54.3,0.06,0.22,-0.17,1.49,1.77,1.27,0.11,2.76
266,Sadio Mané,sn SEN,FW,Liverpool,29-309,1992,19,23.8,33.1,71.9,378.4,82.2,13.6,16.4,82.7,7.47,10.9,68.6,2.11,3,70.2,0.05,0.15,-0.1,0.95,1.42,1.89,0.21,3.26
267,Divock Origi,be BEL,FW,Liverpool,26-301,1995,0.5,22,30,73.3,222,24,16,24,66.7,2,2,100,0,0,,0,0,0,0,2,0,0,0
268,Mohamed Salah,eg EGY,FW,Liverpool,29-243,1992,20.1,27.4,35.1,78.2,387.1,108.1,17.8,20.2,87.9,8.01,10.6,75.6,1.09,2.29,47.8,0.45,0.35,0.1,1.89,0.95,1.84,0.2,3.93
269,Takumi Minamino,jp JPN,FWMF,Liverpool,27-028,1995,1.1,31.8,38.2,83.3,466.4,77.3,18.2,22.7,80,11.8,12.7,92.9,0.91,0.91,100,0,0.36,-0.36,0.91,2.73,0,0,1.82
270,Alex Oxlade-Chamberlain,eng ENG,MFFW,Liverpool,28-182,1993,8,36.5,46,79.3,734.8,168.4,14,16.9,83,15.3,17.8,85.9,6.5,9,72.2,0.13,0.11,0.01,1.13,4.88,1.88,0.38,5.25
271,Thiago Alcántara,es ESP,MF,Liverpool,30-308,1991,8.5,74.2,84.5,87.9,1571.4,437.2,25.2,27.9,90.3,35.2,38.2,92,13.2,16.7,78.9,0.12,0.12,0,1.18,11.4,1.06,0,10.8
272,Harvey Elliott,eng ENG,MF,Liverpool,18-315,2003,3.1,56.8,67.1,84.6,962.6,259,29,32.6,89.1,22.6,25.8,87.5,5.16,6.77,76.2,0,0.1,-0.1,1.61,6.45,2.26,0.32,9.35
273,Fabinho,br BRA,MF,Liverpool,28-113,1993,15.9,51.5,58.2,88.5,947.9,218.3,20.3,22.3,91,24.7,26.5,92.9,5.47,7.23,75.7,0.06,0.04,0.02,0.69,5.91,0.57,0.06,4.21
274,Jordan Henderson,eng ENG,MF,Liverpool,31-241,1990,17.4,63.9,77,83,1223.7,303.5,25.9,29.1,89.1,28.6,32.9,86.7,8.51,12.2,69.8,0.17,0.14,0.03,1.44,7.01,1.9,0.46,6.26
275,Curtis Jones,eng ENG,MF,Liverpool,21-014,2001,6.2,54.8,60.3,90.9,901.6,177.3,29.5,30.8,95.8,21.5,22.7,94.3,3.55,5.81,61.1,0.16,0.03,0.13,0.65,3.87,0.65,0,2.9
276,Naby Keïta,gn GUI,MF,Liverpool,27-003,1995,5.9,48,55.9,85.8,743.1,202.2,25.4,27.8,91.5,19,21.2,89.6,2.2,3.56,61.9,0.17,0.15,0.02,1.02,3.39,1.69,0,5.93
277,Tyler Morton,eng ENG,MF,Liverpool,19-105,2002,0.7,45.7,52.9,86.5,837.1,174.3,20,21.4,93.3,20,21.4,93.3,5.71,8.57,66.7,0,0,0,0,11.4,0,0,4.29
278,James Milner,eng ENG,MFDF,Liverpool,36-040,1986,6.8,61.6,76,81,1229.1,395.7,22.9,26.6,86.2,28.1,32.1,87.6,9.56,14.9,64.4,0.15,0.21,-0.06,1.32,8.09,1.76,0.29,7.21
279,Trent Alexander-Arnold,eng ENG,DF,Liverpool,23-129,1998,20.7,65.6,87.5,74.9,1439.5,583.9,24.2,27.5,87.7,26.2,32.3,81.1,14.4,25.1,57.6,0.48,0.37,0.11,3,7.15,3.14,0.77,9.9
280,Virgil van Dijk,nl NED,DF,Liverpool,30-220,1991,21,65,71.6,90.9,1484.2,477.6,16.6,17.9,93.1,35.3,36.7,96.2,12.7,16.4,77.4,0.05,0.01,0.03,0.19,4.9,0.14,0,3.38
281,Joe Gomez,eng ENG,DF,Liverpool,24-266,1997,0.2,45,75,60,860,170,10,20,50,20,30,66.7,10,15,66.7,0,0,0,0,5,0,0,0
282,Ibrahima Konaté,fr FRA,DF,Liverpool,22-264,1999,7,51.7,58.4,88.5,1073.3,383,14,15.3,91.6,30,31.9,94.2,7.14,10.3,69.4,0,0.01,-0.01,0.14,3.57,0.43,0,3.86
283,Joël Matip,cm CMR,DF,Liverpool,30-189,1991,18,66.1,72.9,90.6,1443.8,405.3,17.3,19.2,90.1,35.7,37.8,94.4,12.9,15.3,84.4,0.06,0.04,0.01,0.39,6.28,0.33,0,5.44
284,Andrew Robertson,sct SCO,DF,Liverpool,27-339,1994,16.5,65.1,81.9,79.5,1175.2,423.2,30.3,33.7,89.9,27.6,32.7,84.4,6.85,13.2,52.1,0.48,0.23,0.25,2.12,4.91,1.94,0.67,6.97
285,Kostas Tsimikas,gr GRE,DF,Liverpool,25-277,1996,6.4,45.8,63.8,71.8,866.4,330,18.8,21.7,86.3,20.3,25.9,78.3,6.09,13,47,0.16,0.23,-0.08,2.5,2.5,1.41,0.94,4.53
286,Neco Williams,wls WAL,DF,Liverpool,20-306,2001,0.1,80,80,100,1530,320,10,10,100,50,50,100,10,10,100,10,6,4,10,0,0,0,0
287,Alisson,br BRA,GK,Liverpool,29-134,1992,21,30.5,35.4,86,800.2,439.6,5.1,5.14,99.1,17.4,17.6,98.6,7.95,12.6,63,0,0,0,0.05,0.33,0,0,0
288,Caoimhín Kelleher,ie IRL,GK,Liverpool,23-082,1998,2,40.5,45,90,936.5,371,8,8,100,25.5,25.5,100,7,11.5,60.9,0,0,0,0,0,0,0,0
289,Kayky Chagas,br BRA,FW,Manchester City,18-247,2003,0.1,20,20,100,320,0,10,10,100,10,10,100,0,0,,0,0,0,0,0,0,0,0
290,Liam Delap,eng ENG,FW,Manchester City,19-005,2003,0.1,10,10,100,150,50,10,10,100,0,0,,0,0,,0,0,0,0,0,0,0,0
291,Phil Foden,eng ENG,FW,Manchester City,21-261,2000,13.9,42.7,52.7,81.1,695.5,143.7,25,27.4,91.3,13.3,15.5,86,3.96,7.63,51.9,0.22,0.31,-0.09,2.01,2.59,1.73,0.43,3.38
292,Jack Grealish,eng ENG,FW,Manchester City,26-156,1995,14.1,40.5,46.6,86.9,587.7,111.6,24.3,26.7,91,13,14.4,90.6,2.06,2.7,76.3,0.14,0.23,-0.09,2.55,1.13,1.77,0.21,3.4
293,Gabriel Jesus,br BRA,FW,Manchester City,24-316,1997,14.7,32.9,39,84.5,490.7,86.4,17.6,19.5,89.9,12.9,15.2,84.8,1.36,2.04,66.7,0.48,0.23,0.24,1.56,0.82,1.56,0.34,2.79
294,Riyad Mahrez,dz ALG,FW,Manchester City,30-357,1991,11.1,46.5,56.4,82.4,801.1,169.4,24,27,88.7,17.3,20,86.5,4.77,8.2,58.2,0.36,0.29,0.07,2.88,1.44,2.79,0.45,4.05
295,Raheem Sterling,eng ENG,FW,Manchester City,27-067,1994,15.8,33.5,39.9,83.8,485.8,101.3,20.6,22.8,90.6,10.9,12.8,85.1,1.33,2.15,61.8,0.06,0.2,-0.14,1.65,0.89,2.47,0.32,3.42
296,Ferrán Torres,es ESP,FW,Manchester City,21-349,2000,3.4,16.2,21.2,76.4,245.3,22.1,8.53,10.6,80.6,5.29,6.18,85.7,1.47,1.76,83.3,0.29,0,0.29,0.29,0.59,0.29,0,0.59
297,Cole Palmer,eng ENG,FWMF,Manchester City,19-283,2002,1.4,31.4,37.1,84.6,440,80,20.7,22.1,93.5,7.86,10,78.6,2.86,4.29,66.7,0,0.14,-0.14,1.43,1.43,2.86,0,3.57
298,James Mcatee,eng ENG,MFFW,Manchester City,19-118,2002,0.2,45,65,69.2,725,25,20,30,66.7,25,30,83.3,0,5,0,0,0,0,0,0,0,0,0
299,Bernardo Silva,pt POR,MFFW,Manchester City,27-187,1994,22.7,53.3,60.2,88.5,829,130.3,30.7,32.9,93.6,17.7,19.9,89.1,3.61,4.93,73.2,0.04,0.17,-0.13,1.59,3.13,1.23,0.18,2.73
300,Kevin De Bruyne,be BEL,MF,Manchester City,30-230,1991,13.2,49.1,64.5,76.1,914.9,241.2,21.9,25.2,86.8,20.6,25.9,79.5,6.06,11.2,54.1,0.15,0.35,-0.2,3.41,4.92,2.65,0.3,6.52
301,Fernandinho,br BRA,MF,Manchester City,36-285,1985,6.8,65.6,73.4,89.4,1199.9,287.2,27.5,30.1,91.2,30.9,32.9,93.8,6.47,9.12,71,0.15,0.12,0.03,1.18,8.09,2.21,0.15,5.59
302,İlkay Gündoğan,de GER,MF,Manchester City,31-112,1990,13,53.7,62.7,85.6,940.9,189.6,26.8,28.7,93.6,19.2,21.5,88.9,6.54,10,65.4,0.23,0.24,-0.01,2,3.08,1.46,0.08,3.85
303,Rodri,es ESP,MF,Manchester City,25-236,1996,19.4,78.7,84.6,93,1636.1,308.7,26.7,28.2,94.5,37.9,39.9,95.1,13.6,15.4,88.3,0.05,0.05,0,0.82,7.63,1.08,0,5.67
304,Nathan Aké,nl NED,DF,Manchester City,26-360,1995,7.5,72.4,78.4,92.3,1328.1,391.2,30.7,32.3,95,34.5,37.1,93.2,6.67,8.13,82,0,0.04,-0.04,0.27,6.13,0.4,0,2.93
305,João Cancelo,pt POR,DF,Manchester City,27-262,1994,22.9,77.9,92.4,84.4,1412.5,435.6,36.6,39.7,92.2,31.8,36.4,87.3,9,14,64.2,0.22,0.14,0.08,1.05,8.34,2.58,0.31,7.73
306,Rúben Dias,pt POR,DF,Manchester City,24-275,1997,21.7,76.8,81.6,94.1,1650,435.7,21.6,22.6,95.3,42.3,43.7,96.7,12.8,14.7,87.1,0.14,0.1,0.04,0.51,6.5,0.09,0,3.96
307,Aymeric Laporte,es ESP,DF,Manchester City,27-262,1994,19.1,83.4,87.6,95.2,1793.8,527.1,23.4,24.2,96.3,44.6,45.9,97.1,14.7,16.6,88.4,0,0.01,-0.01,0.26,9.9,0.26,0,5.92
308,Benjamin Mendy,fr FRA,DF,Manchester City,27-211,1994,0.9,81.1,96.7,83.9,1505.6,502.2,28.9,33.3,86.7,42.2,42.2,100,8.89,15.6,57.1,0,0.33,-0.33,2.22,6.67,1.11,1.11,8.89
309,John Stones,eng ENG,DF,Manchester City,27-261,1994,6.6,69.1,73.8,93.6,1404.5,344.1,25.2,26.7,94.3,34.1,35,97.4,9.55,11.7,81.8,0,0,0,0,5.76,0.3,0,3.33
310,Kyle Walker,eng ENG,DF,Manchester City,31-261,1990,14.5,76.2,85.9,88.8,1494.6,409.4,29.8,31.5,94.5,36.1,39.5,91.3,10,13.4,74.4,0.14,0.06,0.08,0.62,9.03,0.97,0.21,4.48
311,Oleksandr Zinchenko,ua UKR,DF,Manchester City,25-060,1996,6.6,80.6,90.2,89.4,1426.7,375.6,39.1,41.7,93.8,32.1,34.5,93,8.94,11.5,77.6,0.15,0.14,0.02,1.06,8.33,2.12,0.45,6.97
312,Ederson,br BRA,GK,Manchester City,28-180,1993,24,26.3,29.3,89.6,685.4,385.8,5.08,5.08,100,13.4,13.4,100,7.67,10.7,71.9,0,0,0,0.04,0.33,0.04,0,0.04
313,Zack Steffen,us USA,GK,Manchester City,26-317,1995,1,33,38,86.8,638,313,18,18,100,10,10,100,5,10,50,0,0,0,0,0,0,0,0
314,Edinson Cavani,uy URU,FW,Manchester Utd,34-364,1987,6.7,20.4,25.8,79.2,299.7,35.1,13.7,15.5,88.5,4.78,7.01,68.1,1.19,2.09,57.1,0.15,0.16,-0.01,0.6,0.45,0.15,0,0.75
315,Daniel James,wls WAL,FW,Manchester Utd,24-095,1997,1.4,15.7,22.9,68.8,166.4,25.7,12.9,17.1,75,2.14,3.57,60,0,0.71,0,0,0,0,0.71,0,0,0,0
316,Jesse Lingard,eng ENG,FW,Manchester Utd,29-060,1992,1.3,40,46.2,86.7,515.4,143.1,25.4,25.4,100,10,13.1,76.5,0.77,3.08,25,0,0.08,-0.08,1.54,5.38,0,0,3.08
317,Anthony Martial,fr FRA,FW,Manchester Utd,26-070,1995,2.4,27.5,35.4,77.6,410,98.3,15,18.8,80,11.7,13.8,84.8,0.83,1.67,50,0,0.04,-0.04,0.42,0.83,1.67,0,3.33
318,Cristiano Ronaldo,pt POR,FW,Manchester Utd,37-008,1985,17.4,24.9,31.2,79.9,350.5,55,15.3,18.3,83.7,7.64,9.25,82.6,0.98,1.21,81,0.17,0.1,0.07,0.8,1.32,0.57,0,1.95
319,Anthony Elanga,se SWE,FWMF,Manchester Utd,19-292,2002,3,28.3,35,81,394.7,67.7,16.7,18,92.6,9.33,11.3,82.4,1.33,3,44.4,0,0.03,-0.03,0.67,1.33,0.33,0.33,1.33
320,Mason Greenwood,eng ENG,FWMF,Manchester Utd,20-135,2001,14.1,28.3,36,78.7,522.9,117,13.2,15.2,86.9,11.7,14,83.8,3.05,5.32,57.3,0.07,0.11,-0.04,1.06,1.84,0.92,0.21,2.62
321,Marcus Rashford,eng ENG,FWMF,Manchester Utd,24-105,1997,9,21.4,31.6,68,316.3,59.9,12.7,17.4,72.6,7,9.33,75,1.11,2.67,41.7,0.22,0.21,0.01,0.89,1.33,1,0.22,2.22
322,Jadon Sancho,eng ENG,FWMF,Manchester Utd,21-325,2000,12.4,41.1,49.4,83.2,579.1,130.2,25.4,28.5,89,12.7,15.6,81.9,1.53,2.42,63.3,0,0.19,-0.19,2.18,1.45,1.77,0.4,3.47
323,Paul Pogba,fr FRA,MFFW,Manchester Utd,28-335,1993,9,51.2,61.8,82.9,1060.8,276.6,20.3,23.1,88,20,22.8,87.8,9.78,12.4,78.6,0.78,0.17,0.61,1.78,8.44,2,0.22,7.33
324,Donny van de Beek,nl NED,MF,Manchester Utd,24-301,1997,0.8,31.3,40,78.1,481.3,230,17.5,22.5,77.8,10,12.5,80,2.5,2.5,100,0,0.63,-0.63,3.75,2.5,2.5,0,3.75
325,Bruno Fernandes,pt POR,MF,Manchester Utd,27-158,1994,21.6,41.9,57.3,73.2,821.5,242.8,18.9,21.8,86.8,15.5,19.7,78.4,6.9,13.4,51.6,0.23,0.31,-0.07,3.06,4.95,2.5,0.42,6.06
326,Fred,br BRA,MF,Manchester Utd,28-345,1993,15.9,48.4,57.2,84.6,892.3,220.8,20.9,23.8,87.8,20.6,23.3,88.6,6.04,7.86,76.8,0.19,0.1,0.09,1.07,4.91,0.57,0.06,4.47
327,Nemanja Matić,rs SRB,MF,Manchester Utd,33-196,1988,8.5,55.6,64.7,86,1046.9,304.7,22,25.6,85.8,26.6,29.2,91.1,6.24,7.76,80.3,0.24,0.09,0.14,0.82,6.47,0.35,0.12,5.18
328,Scott McTominay,sct SCO,MF,Manchester Utd,25-067,1996,17.9,40.4,47.4,85.3,768.7,206,16.4,18.8,86.9,18,20.5,87.7,5.47,6.54,83.8,0,0.07,-0.07,0.84,4.47,0.39,0.06,4.3
329,Eric Bailly,ci CIV,DF,Manchester Utd,27-307,1994,2.4,26.7,33.3,80,568.8,191.3,10,10.8,92.3,10.8,12.5,86.7,5.83,9.17,63.6,0,0,0,0,0.83,0,0,1.25
330,Diogo Dalot,pt POR,DF,Manchester Utd,22-332,1999,10.1,46.2,58.7,78.8,939.8,349.5,18.1,21.4,84.7,20.8,24.4,85.4,7.13,11.7,61,0,0.04,-0.04,0.89,3.37,1.58,0.5,5.35
331,Phil Jones,eng ENG,DF,Manchester Utd,29-357,1992,1,47,51,92.2,911,275,15,16,93.8,28,29,96.6,3,4,75,0,0,0,1,7,0,0,4
332,Victor Lindelöf,se SWE,DF,Manchester Utd,27-211,1994,14.1,44.7,50.2,89,966,255.4,13,14.1,92.5,23.9,25.5,93.9,7.45,9.79,76.1,0.14,0.03,0.11,0.14,2.2,0.28,0,1.77
333,Harry Maguire,eng ENG,DF,Manchester Utd,28-345,1993,18.7,48.8,56.5,86.3,1106.7,333.7,12.9,14.2,91.3,25.2,27.8,90.9,10.4,14,74,0,0,0,0.11,4.55,0.11,0,3.21
334,Luke Shaw,eng ENG,DF,Manchester Utd,26-216,1995,15.1,53.8,66.8,80.6,885.1,334.5,28.6,31.5,90.8,19.5,23,84.7,4.77,9.74,49,0.13,0.18,-0.05,2.25,3.18,0.79,0.33,4.37
335,Alex Telles,br BRA,DF,Manchester Utd,29-060,1992,8.2,47.4,64.5,73.5,762.3,307.9,24.6,28.5,86.3,18.4,22.8,80.7,3.29,10.1,32.5,0.12,0.07,0.05,1.22,3.41,0.73,0.37,3.29
336,Raphaël Varane,fr FRA,DF,Manchester Utd,28-294,1993,13.3,48.9,54.7,89.4,1131.7,298.7,11.1,11.9,93.7,27.1,29.2,92.8,10.5,13,80.3,0.08,0.01,0.07,0.15,3.98,0,0,2.03
337,Aaron Wan-Bissaka,eng ENG,DF,Manchester Utd,24-079,1997,14.9,47.7,56.6,84.3,718.3,232.7,28.3,30.7,92.3,15.5,17.9,86.5,2.62,5.03,52,0,0.04,-0.04,0.74,1.95,0.67,0.4,2.62
338,David de Gea,es ESP,GK,Manchester Utd,31-098,1990,24,16.8,23.9,70.4,499,296.1,2.71,2.75,98.5,7.46,7.75,96.2,6.5,13.2,49.4,0,0,0,0,0.04,0,0,0
339,Dwight Gayle,eng ENG,FW,Newcastle Utd,31-119,1990,0.3,20,26.7,75,230,6.67,16.7,20,83.3,3.33,3.33,100,0,0,,0,0,0,3.33,0,0,0,0
340,Callum Wilson,eng ENG,FW,Newcastle Utd,29-351,1992,13.2,7.95,11.6,68.6,117.6,21.9,3.86,5.45,70.8,2.8,3.79,74,0.45,0.83,54.5,0,0.03,-0.03,0.61,0.53,0.23,0.08,0.45
341,Chris Wood,nz NZL,FW,Newcastle Utd,30-068,1991,3,14.3,26.3,54.4,164.7,37,11,17,64.7,2.67,6.67,40,0.33,0.67,50,0,0.03,-0.03,0.67,0.67,0,0,0.67
342,Allan Saint-Maximin,fr FRA,FWMF,Newcastle Utd,24-338,1997,20.9,17.7,24.6,71.8,298.9,70,8.71,11,79.1,6.6,8.52,77.5,1.77,3.16,56.1,0.14,0.2,-0.05,1.67,1.44,1,0.29,1.77
343,Ryan Fraser,sct SCO,MFFW,Newcastle Utd,27-354,1994,9.4,17.8,25.6,69.3,310.9,89.9,9.04,11.2,81,5.85,8.09,72.4,2.34,5.32,44,0.11,0.13,-0.02,1.06,0.74,0.85,0.64,0.85
344,Joelinton,br BRA,MFFW,Newcastle Utd,25-183,1996,15.9,26.2,34.2,76.5,399.7,106.2,14.3,17.2,82.8,8.81,11.7,75.3,1.89,2.7,69.8,0.06,0.07,-0.01,1.13,2.14,1.01,0.19,2.58
345,Miguel Almirón,py PAR,MF,Newcastle Utd,28-003,1994,10.9,19.5,25,78,318.9,79,10.7,12.4,86.7,6.61,8.44,78.3,1.83,2.75,66.7,0,0.04,-0.04,0.92,1.19,0.46,0.09,1.83
346,Bruno Guimarães,br BRA,MF,Newcastle Utd,24-089,1997,0,2,2,100,41,33,1,1,100,0,0,,1,1,100,0,0.3,-0.3,1,1,1,0,1
347,Jeff Hendrick,ie IRL,MF,Newcastle Utd,30-013,1992,0.8,30,33.8,88.9,565,37.5,12.5,13.8,90.9,13.8,13.8,100,3.75,5,75,0,0,0,1.25,2.5,0,0,1.25
348,Sean Longstaff,eng ENG,MF,Newcastle Utd,24-106,1997,10.9,31.8,39.9,79.8,620.3,153.2,13.3,15.8,84.3,12.2,13.9,87.5,5.05,8.07,62.5,0.09,0.04,0.06,0.37,2.2,0.09,0,2.57
349,Jonjo Shelvey,eng ENG,MF,Newcastle Utd,29-351,1992,12,34.8,44.4,78.4,860.1,266.2,10.2,11,92.4,14.2,16.9,83.7,9.92,15.5,64,0,0.04,-0.04,1,4.92,0.5,0,3.67
350,Joe Willock,eng ENG,MF,Newcastle Utd,22-177,1999,13.7,19.6,24.8,79.1,343.4,88.2,9.78,11.8,82.7,7.23,8.61,83.9,2.12,3.14,67.4,0,0.07,-0.07,0.95,1.68,0.51,0.15,1.75
351,Isaac Hayden,eng ENG,MFDF,Newcastle Utd,26-328,1995,11.1,23,28.6,80.2,419.5,82.2,9.91,11.7,84.6,10.4,12.2,85.2,2.52,3.69,68.3,0,0.01,-0.01,0.18,1.71,0.09,0.09,0.81
352,Jacob Murphy,eng ENG,DFMF,Newcastle Utd,26-354,1995,9.1,27,41.4,65.3,486.4,194.7,12.3,15.3,80.6,10.7,14.7,72.4,3.41,8.46,40.3,0.11,0.1,0.01,0.88,1.98,1.32,0.66,3.08
353,Ciaran Clark,ie IRL,DF,Newcastle Utd,32-140,1989,11.3,24.2,30.6,79.2,468.5,139.8,7.88,9.03,87.3,13.1,14.9,88.1,2.83,5.84,48.5,0.09,0.03,0.06,0.35,1.06,0.09,0.09,1.33
354,Paul Dummett,wls WAL,DF,Newcastle Utd,30-140,1991,1.7,26.5,35.3,75,460,218.2,11.2,12.9,86.4,14.1,17.1,82.8,1.18,4.71,25,0,0,0,0,2.94,0,0,1.18
355,Federico Fernández,ar ARG,DF,Newcastle Utd,32-357,1989,5.8,31.6,36.9,85.5,724,259.1,7.07,7.93,89.1,18.8,19.7,95.6,5.69,9.14,62.3,0,0.05,-0.05,0.17,2.07,0,0,1.38
356,Emil Krafth,se SWE,DF,Newcastle Utd,27-195,1994,6,27,34.2,79,440.3,175.8,13.2,14,94,10,12.8,77.9,2.5,5.33,46.9,0.17,0.1,0.07,0.33,2,0.33,0,1.5
357,Jamaal Lascelles,eng ENG,DF,Newcastle Utd,28-094,1993,17.7,22.4,28.6,78.5,483.6,131.5,5.2,6.95,74.8,13.3,15.3,87.1,3.45,5.54,62.2,0,0.02,-0.02,0.11,0.85,0.11,0,0.96
358,Jamal Lewis,nir NIR,DF,Newcastle Utd,24-019,1998,2.9,27.9,35.9,77.9,497.6,177.6,12.4,13.8,90,10.3,12.8,81.1,4.48,7.93,56.5,0,0,0,0.34,1.38,0,0,1.38
359,Javier Manquillo,es ESP,DF,Newcastle Utd,27-284,1994,11.8,20.8,28.7,72.6,301.9,127.8,12.3,14.2,86.3,6.44,9.15,70.4,1.19,3.39,35,0.17,0.03,0.14,0.34,1.19,0.08,0,1.36
360,Matt Ritchie,sct SCO,DF,Newcastle Utd,32-156,1989,14.6,33.8,46.7,72.4,691.5,351,15.1,16.9,89.5,11.7,14.5,80.7,6.64,14.2,46.9,0.14,0.11,0.03,1.99,2.6,1.03,0.48,3.22
361,Fabian Schär,ch SUI,DF,Newcastle Utd,30-055,1991,11.8,24.6,36.8,66.8,631.9,246.6,5.85,7.37,79.3,11.9,13.9,85.4,6.86,15,45.8,0.08,0.01,0.08,0.08,2.37,0.42,0.08,0.93
362,Matt Targett,eng ENG,DF,Newcastle Utd,26-148,1995,1,36,49,73.5,711,356,14,16,87.5,14,18,77.8,6,13,46.2,0,0.1,-0.1,1,3,1,1,4
363,Kieran Trippier,eng ENG,DF,Newcastle Utd,31-147,1990,3,40.7,58.7,69.3,901.7,515,15,16,93.8,15,22.7,66.2,10,17.7,56.6,0,0.13,-0.13,2,4,1.33,0,4.33
364,Karl Darlow,eng ENG,GK,Newcastle Utd,31-128,1990,8,19,31.6,60.1,838.4,573.1,1.88,1.88,100,5.13,5.25,97.6,12,24.4,49.2,0,0,0,0,1.25,0,0,0
365,Martin Dúbravka,sk SVK,GK,Newcastle Utd,33-029,1989,10,21.4,34.1,62.8,833.4,584.1,2.2,2.2,100,7.4,7.7,96.1,11.5,23.9,48.1,0,0,0,0,0.6,0,0,0
366,Freddie Woodman,eng ENG,GK,Newcastle Utd,24-346,1997,4,18.5,30.8,60.2,620.3,368.8,2,2,100,8.5,8.5,100,7.75,20,38.8,0,0,0,0,1.5,0,0,0
367,Teemu Pukki,fi FIN,FW,Norwich City,31-321,1990,22.2,11.2,15.1,74,173,23.5,6.31,7.93,79.5,3.96,5.14,77.2,0.68,0.81,83.3,0.05,0.05,0,0.54,0.5,0.14,0,0.72
368,Todd Cantwell,eng ENG,FWMF,Norwich City,23-351,1998,4.9,25.9,31.4,82.5,424.1,93.3,12.4,14.3,87.1,10.2,12.2,83.3,2.24,3.27,68.8,0,0.04,-0.04,0.41,1.84,0.41,0,2.04
369,Kieran Dowell,eng ENG,FWMF,Norwich City,24-126,1997,3.8,19.7,31.1,63.6,328.9,72.6,11.8,15,78.9,5.26,7.89,66.7,2.11,6.32,33.3,0,0.16,-0.16,1.58,1.32,1.32,0.79,1.32
370,Adam Idah,ie IRL,FWMF,Norwich City,20-339,2001,6.9,14.2,20.7,68.5,243.5,46.5,6.38,9.42,67.7,6.09,7.39,82.4,1.16,1.74,66.7,0.14,0.09,0.06,0.58,1.01,0.58,0.29,1.01
371,Przemysław Płacheta,pl POL,FWMF,Norwich City,23-327,1998,4.8,19.4,29.4,66,339.2,97.7,10,11.9,84.2,6.04,8.96,67.4,2.5,5,50,0,0.06,-0.06,0.42,1.04,0.83,0.42,1.88
372,Milot Rashica,xk KVX,FWMF,Norwich City,25-230,1996,13.7,15.5,25.5,61,305.2,85.5,7.01,8.76,80,5.69,8.47,67.2,2.7,7.23,37.4,0.15,0.13,0.01,1.68,1.17,0.8,0.36,1.53
373,Josh Sargent,us USA,FWMF,Norwich City,21-358,2000,12.9,17.1,22.6,75.3,234.7,48.2,11,13.4,82.1,4.96,6.98,71.1,0.7,0.93,75,0,0.05,-0.05,0.78,0.31,0.16,0,1.09
374,Christos Tzolis,gr GRE,FWMF,Norwich City,20-014,2002,3.4,19.1,25.6,74.7,327.9,77.4,9.71,11.2,86.8,6.76,8.24,82.1,2.06,4.41,46.7,0,0.26,-0.26,2.06,0.88,0.59,0.29,1.76
375,Jon Rowe,eng ENG,MFFW,Norwich City,18-289,2003,0.5,10,16,62.5,102,2,8,10,80,0,0,,0,2,0,0,0.2,-0.2,2,0,0,0,0
376,Billy Gilmour,sct SCO,MF,Norwich City,20-247,2001,13,48.9,60.8,80.5,1066.5,262.5,16.5,18.5,89.2,20.5,23.2,88.7,10.8,17,63.8,0.08,0.1,-0.02,1.54,4.69,0.85,0.08,4.69
377,Pierre Lees-Melou,fr FRA,MF,Norwich City,28-264,1993,15.4,29.7,38.5,77.2,565.2,151.6,13.2,15.5,85.7,10.8,12.7,85.2,4.74,7.99,59.3,0,0.07,-0.07,1.04,2.66,1.3,0.45,3.7
378,Kenny McLean,sct SCO,MF,Norwich City,30-036,1992,21.3,25.5,34.7,73.5,471,143.1,11.5,13.9,82.8,10.4,12.9,80.7,3.15,6.43,48.9,0,0.02,-0.02,0.23,2.49,0.52,0.05,2.54
379,Mathias Normann,no NOR,MF,Norwich City,25-261,1996,8.3,26.9,41.2,65.2,621.7,224.1,9.04,11.1,81.5,11.6,16.1,71.6,5.78,12.4,46.6,0.12,0.05,0.07,0.72,3.61,0.96,0.24,3.73
380,Lukas Rupp,de GER,MF,Norwich City,31-036,1991,5.3,42.6,50,85.3,725.8,142.8,21.3,22.6,94.2,15.5,17.5,88.2,4.53,6.79,66.7,0,0.23,-0.23,1.51,2.26,0.38,0.19,2.64
381,Sam Byram,eng ENG,DFMF,Norwich City,28-150,1993,2,30.5,45,67.8,527.5,207.5,15,20,75,11.5,16,71.9,3.5,7.5,46.7,0,0,0,0.5,2,0,0,4.5
382,Jakob Sørensen,dk DEN,DFMF,Norwich City,23-347,1998,4.1,36.1,42.9,84.1,786.1,211.5,12,13.9,86,16.1,17.6,91.7,7.56,10.7,70.5,0,0,0,0,2.93,0,0,1.95
383,Max Aarons,eng ENG,DF,Norwich City,22-040,2000,22.6,33.4,44.4,75.1,564.2,206.1,16.9,18.7,90.5,12.9,16.8,76.6,3.1,7.08,43.8,0.04,0.04,0,0.53,1.64,1.24,0.31,3.19
384,Dimitris Giannoulis,gr GRE,DF,Norwich City,26-119,1995,6.1,40.7,53.8,75.6,658.9,268.2,21.1,23.9,88.4,15.9,20.3,78.2,3.11,7.7,40.4,0.16,0.05,0.11,0.82,1.31,0.82,0.16,2.62
385,Ben Gibson,eng ENG,DF,Norwich City,29-029,1993,19.7,41.2,50.1,82.4,979.4,388,9.49,10.4,91.7,22.1,24,92.4,9.39,14.9,63.1,0,0,0,0.1,3.96,0.3,0,3.25
386,Grant Hanley,sct SCO,DF,Norwich City,30-085,1991,19.2,35.5,41.4,85.8,806.2,183.9,8.59,9.69,88.7,18.6,20.3,91.8,7.76,10.5,73.8,0,0.01,-0.01,0.16,0.94,0.1,0,1.09
387,Ozan Kabak,tr TUR,DF,Norwich City,21-325,2000,8.2,34.3,41,83.6,729.3,238.8,8.54,10.4,82.4,20.5,22.4,91.3,4.63,6.83,67.9,0,0,0,0.12,1.46,0,0,1.59
388,Bali Mumba,eng ENG,DF,Norwich City,20-128,2001,0.5,14,20,70,198,72,10,12,83.3,4,4,100,0,4,0,0,0,0,0,2,0,0,2
389,Andrew Omobamidele,ie IRL,DF,Norwich City,19-235,2002,4.2,46.7,54,86.3,947.9,269.8,16.2,18.6,87.2,22.4,24.5,91.3,7.62,10,76.2,0,0,0,0,2.62,0,0,3.1
390,Brandon Williams,eng ENG,DF,Norwich City,21-163,2000,16.6,38.3,47.1,81.2,698.4,248.8,15.5,17.2,90.2,19.3,23.1,83.3,3.19,5.66,56.4,0.06,0.04,0.02,0.72,1.93,0.96,0.18,3.67
391,Angus Gunn,eng ENG,GK,Norwich City,26-022,1996,5,21,31.6,66.5,661.4,358.4,4.6,4.6,100,7.2,7.4,97.3,9,19.4,46.4,0,0,0,0,0.2,0,0,0
392,Tim Krul,nl NED,GK,Norwich City,33-316,1988,19,25.8,37.8,68.4,838.3,483.2,3.11,3.16,98.3,10.8,10.9,98.6,11.8,23.5,50.3,0,0,0,0.05,0.26,0,0,0
393,Che Adams,sct SCO,FW,Southampton,25-215,1996,13.4,13.1,19.4,67.7,191,41.3,7.91,9.93,79.7,3.66,5.37,68.1,0.82,1.87,44,0.07,0.11,-0.04,0.82,0.67,0.45,0.07,1.27
394,Adam Armstrong,eng ENG,FW,Southampton,25-003,1997,13.3,13.5,19.5,69.5,234.8,38.1,6.02,7.97,75.5,6.09,8.12,75,1.05,2.03,51.9,0.15,0.13,0.02,0.9,0.9,0.83,0,1.5
395,Armando Broja,al ALB,FW,Southampton,20-156,2001,12.7,10.6,18,58.5,128,33.2,6.61,9.84,67.2,2.68,5.51,48.6,0.16,0.63,25,0,0.07,-0.07,0.31,0.87,0,0,0.87
396,Shane Long,ie IRL,FWMF,Southampton,35-022,1987,1.2,14.2,25.8,54.8,140,38.3,13.3,20.8,64,0.83,3.33,25,0,0.83,0,0,0,0,0,0.83,0,0,2.5
397,Nathan Redmond,eng ENG,MFFW,Southampton,27-344,1994,14.9,24.4,35,69.9,408.3,129.3,12.5,15.2,82.3,8.72,12.6,69.5,2.21,5.44,40.7,0.34,0.23,0.1,1.81,1.54,2.35,0.81,3.96
398,Nathan Tella,eng ENG,MFFW,Southampton,22-223,1999,6.5,12.9,20.9,61.8,191.4,55.1,8.15,9.54,85.5,3.69,6.62,55.8,0.77,2.77,27.8,0,0.11,-0.11,0.77,0.77,0.46,0.31,1.23
399,Theo Walcott,eng ENG,MFFW,Southampton,32-334,1989,4.2,14.5,20.5,70.9,200.5,33.8,8.57,10.2,83.7,5.24,7.62,68.8,0.48,0.95,50,0,0,0,0.24,0.48,0.24,0,0.71
400,Stuart Armstrong,sct SCO,MF,Southampton,29-320,1992,5.8,27.4,35.9,76.4,426,94.8,14.5,18.1,80,11.2,13.3,84.4,1.03,2.07,50,0,0.09,-0.09,1.72,1.21,0.52,0,2.24
401,Ibrahima Diallo,fr FRA,MF,Southampton,22-342,1999,8.2,33.8,40.9,82.7,596.2,134.5,16.2,19.6,82.6,14.1,15.6,90.6,2.68,3.9,68.8,0.24,0.11,0.13,1.46,4.02,0.12,0,2.8
402,Moussa Djenepo,ml MLI,MF,Southampton,23-243,1998,4.8,20.8,28.3,73.5,326.3,136.7,12.3,14.4,85.5,6.04,8.54,70.7,2.08,3.54,58.8,0,0.04,-0.04,1.25,1.88,1.67,0.42,4.17
403,Mohamed Elyounoussi,no NOR,MF,Southampton,27-193,1994,12.3,20.3,28.4,71.6,314.8,79.3,12,14.8,80.8,6.91,9.67,71.4,1.14,2.6,43.8,0.08,0.12,-0.04,1.38,2.28,0.98,0.08,2.52
404,Oriol Romeu,es ESP,MF,Southampton,30-142,1991,21.2,43.3,52.2,83.1,823.2,197,18.9,21.7,86.8,18.6,21.4,87,5.28,7.59,69.6,0.05,0.08,-0.03,0.9,3.96,0.66,0.09,4.01
405,William Smallbone,ie IRL,MF,Southampton,21-357,2000,0.8,8.75,18.8,46.7,141.3,76.3,3.75,6.25,60,3.75,7.5,50,1.25,2.5,50,0,0.13,-0.13,1.25,0,0,0,1.25
406,James Ward-Prowse,eng ENG,MF,Southampton,27-104,1994,21.7,43.5,55.6,78.1,798.9,243.5,18.8,20.3,92.7,18.5,21.3,86.8,5.44,12.5,43.4,0.18,0.15,0.03,1.8,3.92,0.37,0.23,3.13
407,Jan Bednarek,pl POL,DF,Southampton,25-307,1996,17.2,40.5,49,82.8,831,246.6,12.6,13.7,91.5,22.4,24.8,90.4,5.29,9.83,53.8,0,0.01,-0.01,0.17,2.38,0.06,0.06,1.63
408,Valentino Livramento,eng ENG,DF,Southampton,19-093,2002,18.2,33.8,44.6,75.8,555.8,200.3,18.7,21.2,88.1,12.4,16.6,74.6,2.47,5.27,46.9,0,0.08,-0.08,0.66,1.54,0.6,0.27,2.58
409,Lyanco,br BRA,DF,Southampton,25-012,1997,6.1,26.2,37.4,70.2,531.6,208.7,8.2,9.18,89.3,14.4,16.6,87.1,3.44,11,31.3,0,0.02,-0.02,0.49,1.8,0.33,0,1.97
410,Romain Perraud,fr FRA,DF,Southampton,24-144,1997,11.8,25.3,39.5,63.9,371,169.4,14.4,16.9,85.4,8.98,14.7,61.3,0.85,4.83,17.5,0.08,0.04,0.04,0.59,1.36,0.68,0.25,2.29
411,Mohammed Salisu,gh GHA,DF,Southampton,22-302,1999,22,41.6,53.1,78.3,817.9,339,14.5,16.8,86.2,22,25.6,85.8,4.82,9.82,49.1,0,0.02,-0.02,0.32,4.68,0.18,0.05,3.73
412,Jack Stephens,eng ENG,DF,Southampton,28-017,1994,5.9,37.6,47.5,79.3,771.2,251.5,13.2,14.2,92.9,18.1,21.4,84.9,5.93,10.7,55.6,0,0.05,-0.05,0.68,2.2,0,0,2.88
413,Yan Valery,fr FRA,DF,Southampton,22-356,1999,1,19,26,73.1,347,88,8,10,80,8,11,72.7,2,4,50,0,0,0,0,2,0,0,1
414,Kyle Walker-Peters,eng ENG,DF,Southampton,24-306,1997,16,36.5,45.8,79.8,608.3,215.3,18.7,21.1,88.7,14.8,18.1,81.7,2.69,4.88,55.1,0.13,0.13,0,0.88,2.38,1.31,0.06,4.88
415,Willy Caballero,ar ARG,GK,Southampton,40-138,1981,2,19.5,29.5,66.1,774,604.5,2,2,100,7,7,100,10.5,20.5,51.2,0,0,0,0,0,0,0,0
416,Fraser Forster,eng ENG,GK,Southampton,33-333,1988,7,19,32.7,58.1,703.7,463.3,2.43,2.43,100,7.86,7.86,100,8.57,22.1,38.7,0,0,0,0,0.43,0,0,0
417,Alex McCarthy,eng ENG,GK,Southampton,32-072,1989,15,18.3,30,60.9,562.7,361.8,3.07,3.07,100,8.73,8.87,98.5,6.33,17.9,35.4,0,0,0,0.07,0.47,0,0,0
418,Steven Bergwijn,nl NED,FW,Tottenham,24-128,1997,4.7,20.6,24.7,83.6,286.8,70.2,13,13.6,95.3,4.89,5.96,82.1,1.28,2.13,60,0.21,0.11,0.11,1.28,0.85,1.49,0,2.34
419,Harry Kane,eng ENG,FW,Tottenham,28-200,1993,18.9,19.2,26.5,72.5,348.8,92,9.68,12.2,79.6,6.19,8.25,75,2.7,3.97,68,0.11,0.21,-0.1,1.06,2.01,1.27,0.21,2.86
420,Bryan,es ESP,FWMF,Tottenham,21-002,2001,1,49,64,76.6,763,238,30,36,83.3,14,19,73.7,4,5,80,0,0.1,-0.1,2,1,3,2,2
421,Son Heung-min,kr KOR,FWMF,Tottenham,29-220,1992,17.5,30.2,39.7,76,456.9,107.9,17.7,19.6,90.1,9.03,10.7,84,2.63,7.14,36.8,0.17,0.2,-0.03,1.83,0.97,0.97,0.06,1.94
422,Dejan Kulusevski,se SWE,FWMF,Tottenham,21-294,2000,0.2,30,35,85.7,560,160,5,10,50,25,25,100,0,0,,0,0,0,5,0,0,0,5
423,Lucas Moura,br BRA,FWMF,Tottenham,29-184,1992,15.7,29.7,39.4,75.4,450.6,122.4,17.1,19.8,86.5,10.3,13.9,74.3,1.53,3.38,45.3,0.25,0.19,0.06,1.53,2.93,1.4,0.13,4.08
424,Dele Alli,eng ENG,MFFW,Tottenham,25-308,1996,7.3,22.9,29.3,78,368.1,89.2,12.9,14.8,87,7.67,9.45,81.2,1.92,3.7,51.9,0,0.11,-0.11,0.27,1.78,0.68,0,2.6
425,Giovani Lo Celso,ar ARG,MFFW,Tottenham,25-310,1996,2.6,45,56.9,79.1,711.2,130.4,23.8,26.2,91.2,11.5,14.6,78.9,5.77,8.08,71.4,0,0.23,-0.23,1.92,5.38,0.38,0,2.31
426,Rodrigo Bentancur,uy URU,MF,Tottenham,24-253,1997,0.3,66.7,83.3,80,1480,290,30,36.7,81.8,20,23.3,85.7,16.7,23.3,71.4,0,0,0,0,10,0,0,10
427,Pierre Højbjerg,dk DEN,MF,Tottenham,26-192,1995,19.5,60.3,68.3,88.4,1153.1,314.4,24.4,26.6,91.9,27.3,30.1,90.8,7.74,10.3,75.5,0.05,0.05,0,0.87,6.62,1.23,0.1,6.05
428,Tanguy Ndombele,fr FRA,MF,Tottenham,25-047,1996,5.4,42.2,48.9,86.4,680,153.1,22.2,23.9,93,15,17.6,85.3,3.7,4.63,80,0.19,0.07,0.11,0.74,4.26,0.74,0,3.7
429,Oliver Skipp,eng ENG,MF,Tottenham,21-150,2000,15,49.2,54.9,89.6,883.9,204.5,21.1,22.6,93.2,22.7,24.5,92.7,4.93,6.4,77.1,0,0.06,-0.06,0.47,5.13,0.6,0.07,4.73
430,Harry Winks,eng ENG,MF,Tottenham,26-011,1996,6.8,54.3,63.1,86,1070.4,339.7,21.2,22.6,93.5,23.7,26.2,90.4,8.38,12.4,67.9,0.15,0.22,-0.07,1.47,5.44,1.47,0,7.5
431,Matt Doherty,ie IRL,DFMF,Tottenham,30-028,1992,2.6,43.1,55,78.3,722.3,157.7,21.2,24.6,85.9,18.1,21.5,83.9,3.08,6.54,47.1,0.38,0.12,0.27,2.31,1.15,1.92,0.38,4.62
432,Ryan Sessegnon,eng ENG,DFMF,Tottenham,21-271,2000,2.5,22,32.4,67.9,326.8,114.8,14.8,18.8,78.7,5.2,8.4,61.9,2,4,50,0,0.08,-0.08,0.8,0.8,0.4,0,1.6
433,Ben Davies,wls WAL,DF,Tottenham,28-295,1993,11.3,42.8,52.7,81.2,793.8,287.8,16,17.9,89.6,22.7,26.4,86.2,3.63,6.73,53.9,0.09,0.04,0.04,0.44,3.81,0.8,0.09,4.6
434,Eric Dier,eng ENG,DF,Tottenham,28-029,1994,18.1,51.5,58.7,87.9,1154.6,416.2,13.4,14.2,94.6,28.7,30.6,94,9.17,13.3,69.2,0,0.07,-0.07,0.33,3.59,0.33,0,3.54
435,Emerson,br BRA,DF,Tottenham,23-030,1999,14.8,46.5,58.6,79.4,726.4,228.4,26.1,28.9,90.2,16.7,21.1,78.9,2.77,5.61,49.4,0.07,0.1,-0.03,1.08,1.42,1.08,0.47,3.31
436,Sergio Reguilón,es ESP,DF,Tottenham,25-059,1996,16,35.3,46.9,75.2,628.3,212.4,16.8,20,83.8,14.7,18.7,78.6,3.44,6.38,53.9,0.19,0.23,-0.04,1.5,1.63,1.63,1.25,2.5
437,Joe Rodon,wls WAL,DF,Tottenham,24-114,1997,0.9,18.9,20,94.4,411.1,131.1,4.44,4.44,100,11.1,12.2,90.9,3.33,3.33,100,0,0,0,0,1.11,0,0,0
438,Cristian Romero,ar ARG,DF,Tottenham,23-292,1998,6.9,45.2,52.9,85.5,950.3,330.1,14.3,15.5,92.5,24.1,25.8,93.3,6.52,10.7,60.8,0,0,0,0,2.61,0.14,0,2.61
439,Davinson Sánchez,co COL,DF,Tottenham,25-246,1996,13.3,48.9,55.5,88.2,1010.8,290.8,15.2,16.2,93.5,25.9,27.4,94.8,7.29,10.6,68.8,0,0.01,-0.01,0.15,3.98,0.38,0.08,3.16
440,Japhet Tanganga,eng ENG,DF,Tottenham,22-319,1999,8.2,40.1,48.7,82.5,721.3,215.9,18.2,20.5,88.7,17.7,21,84.3,3.66,6.22,58.8,0,0.05,-0.05,0.24,1.1,0.61,0.12,2.32
441,Hugo Lloris,fr FRA,GK,Tottenham,35-049,1986,21,18.3,24.2,75.8,557.4,356,4.43,4.43,100,6,6.05,99.2,7.52,13.3,56.4,0,0.02,-0.02,0.14,0.52,0,0,0
442,Troy Deeney,eng ENG,FW,Watford,33-229,1988,0.3,10,20,50,126.7,53.3,6.67,13.3,50,3.33,3.33,100,0,0,,0,0.33,-0.33,3.33,3.33,0,0,3.33
443,Ashley Fletcher,eng ENG,FW,Watford,26-134,1995,0.3,10,30,33.3,246.7,93.3,0,20,0,6.67,6.67,100,3.33,3.33,100,0,0,0,0,6.67,0,0,3.33
444,Joshua King,no NOR,FW,Watford,30-029,1992,19.1,15.2,20.8,72.9,231.3,43.5,8.48,10.4,81.4,5.39,7.8,69.1,0.94,1.26,75,0.16,0.14,0.02,1.52,0.99,0.68,0.1,1.15
445,Emmanuel Dennis,ng NGA,FWMF,Watford,24-090,1997,18.3,14.4,21.9,65.8,197.9,58.5,9.4,12,78.5,3.5,5.74,61,0.82,1.69,48.4,0.27,0.12,0.15,1.15,0.77,0.77,0.22,1.75
446,Cucho,co COL,MFFW,Watford,22-299,1999,7.8,21.3,33.5,63.6,389.7,156.7,9.62,13.1,73.5,7.56,10.9,69.4,3.21,6.79,47.2,0.13,0.17,-0.04,2.05,1.41,1.41,0.77,2.82
447,João Pedro,br BRA,MFFW,Watford,20-140,2001,9.3,20,30.4,65.7,344.3,106,10.4,14.9,69.8,6.67,9.14,72.9,2.26,4.3,52.5,0.11,0.22,-0.11,1.4,2.37,1.61,0.32,3.55
448,Ismaila Sarr,sn SEN,MFFW,Watford,23-353,1998,11.9,17.1,24.2,70.5,289.5,72.9,9.75,12.5,77.9,4.96,6.89,72,1.93,3.28,59,0,0.1,-0.1,0.84,1.01,1.18,0.17,2.35
449,Ken Sema,se SWE,MFFW,Watford,28-136,1993,5.8,13.1,22.4,58.5,207.9,58.8,6.9,8.45,81.6,4.14,6.72,61.5,1.03,4.14,25,0,0.1,-0.1,0.52,0.69,0.34,0.34,0.34
450,Tom Cleverley,eng ENG,MF,Watford,32-185,1989,10.7,26.5,36.7,72.3,469.3,160.9,12.4,14.6,85.3,9.63,12.1,79.2,3.55,8.32,42.7,0.19,0.13,0.06,1.4,2.71,0.84,0.37,2.8
451,Oghenekaro Etebo,ng NGA,MF,Watford,26-096,1995,4.1,32.2,35.9,89.8,758.8,169.3,7.56,8.29,91.2,17.8,19.3,92.4,6.83,8.05,84.8,0,0.02,-0.02,0.49,2.68,0.73,0.24,2.68
452,Dan Gosling,eng ENG,MF,Watford,32-012,1990,0.2,25,35,71.4,305,30,20,25,80,5,5,100,0,5,0,0,0,0,0,0,0,0,0
453,Edo Kayembe,cd COD,MF,Watford,23-194,1998,4.1,41,50.5,81.2,807.6,194.1,17.8,20,89,16.3,19.3,84.8,6.83,10,68.3,0,0.1,-0.1,0.98,3.9,0,0,4.63
454,Juraj Kucka,sk SVK,MF,Watford,34-352,1987,16.5,22.4,31.9,70.3,412.7,127.3,10.2,13.2,77.5,8.55,11.6,73.4,2.97,5.09,58.3,0,0.04,-0.04,0.55,1.82,0.36,0.06,2.73
455,Imran Louza,ma MAR,MF,Watford,22-288,1999,5.4,33.3,43.5,76.6,720.7,233.1,11.3,12.8,88.4,14.6,17.4,84,7.22,12.4,58.2,0,0.09,-0.09,1.85,5,0.74,0,4.81
456,Moussa Sissoko,fr FRA,MF,Watford,32-181,1989,20.8,26.7,33.9,78.9,496.7,142.4,12.4,14.3,86.2,10,12.9,77.7,3.7,5.29,70,0.05,0.06,-0.01,1.06,2.36,0.48,0.19,3.27
457,Ozan Tufan,tr TUR,MF,Watford,26-327,1995,3.7,23,33,69.7,422.7,114.9,10.8,13,83.3,9.46,11.9,79.5,2.43,5.68,42.9,0,0.05,-0.05,1.08,3.51,0.27,0,2.97
458,Craig Cathcart,nir NIR,DF,Watford,33-007,1989,19.3,26.2,33.4,78.4,604.6,180,7.05,8.13,86.6,13.1,15.3,85.4,5.96,9.38,63.5,0.05,0,0.05,0.05,1.76,0.26,0.05,1.61
459,Kiko Femenía,es ESP,DF,Watford,31-011,1991,13.5,35.3,50.4,70,587.6,305.2,18.7,21.1,88.8,13.7,19.9,69,2.44,7.7,31.7,0.22,0.09,0.13,0.89,2.15,0.74,0.3,3.48
460,Christian Kabasele,be BEL,DF,Watford,30-354,1991,3.3,47.3,52.1,90.7,1136.4,355.8,7.58,8.48,89.3,28.8,30.9,93.1,10.6,12.4,85.4,0,0,0,0.3,2.12,0.3,0,2.73
461,Hassane Kamara,ci CIV,DF,Watford,27-147,1994,4.9,37.1,55.1,67.4,654.1,307.1,15.9,18.4,86.7,16.7,23.9,70.1,3.06,9.39,32.6,0,0.02,-0.02,0.61,2.65,0.82,0.2,2.65
462,Adam Masina,ma MAR,DF,Watford,28-042,1994,9.6,29.4,43.8,67.1,644.7,299.2,7.4,8.85,83.5,15.6,20,78.1,5.83,14,41.8,0,0.05,-0.05,0.73,2.19,0.63,0.42,2.71
463,Jeremy Ngakia,eng ENG,DF,Watford,21-159,2000,6.3,32.5,44.6,73,607,292.5,13.2,15.6,84.7,14.8,18.1,81.6,4.13,9.21,44.8,0,0.05,-0.05,0.32,2.86,0.95,0.32,3.17
464,Nicolas Nkoulou,cm CMR,DF,Watford,31-323,1990,1.9,24.2,27.9,86.8,572.6,85.3,5.26,5.79,90.9,12.6,14.2,88.9,5.79,7.37,78.6,0,0,0,0.53,1.05,0,0,0.53
465,Danny Rose,eng ENG,DF,Watford,31-226,1990,7.7,28.7,43,66.8,602.1,345.6,10.5,11.8,89,12.6,17.1,73.5,5.06,11.4,44.3,0,0.1,-0.1,0.65,3.12,0.91,0.13,4.16
466,Samir Santos,br BRA,DF,Watford,27-070,1994,5,32.4,38.8,83.5,717,186,9.6,10.2,94.1,16.8,17.8,94.4,5.8,10.2,56.9,0,0,0,0,1.6,0,0,1.6
467,Francisco Sierralta,cl CHI,DF,Watford,24-283,1997,4.7,30.6,36.4,84.2,743.8,199.6,4.26,4.68,90.9,18.1,19.1,94.4,7.66,11.7,65.5,0,0,0,0,0.64,0,0,0.64
468,William Troost-Ekong,ng NGA,DF,Watford,28-165,1993,15.3,28.5,36.2,78.7,748.1,236.1,4.18,5.03,83.1,15.8,17.6,89.6,8.5,13.1,64.7,0,0.01,-0.01,0.07,1.9,0.07,0,2.03
469,Daniel Bachmann,at AUT,GK,Watford,27-219,1994,11,17.5,29.8,58.8,665.8,453.7,1.82,1.82,100,6.91,7.18,96.2,8.82,20.8,42.4,0,0,0,0,0.82,0,0,0
470,Ben Foster,eng ENG,GK,Watford,38-316,1983,12,16.9,33,51.3,764.5,564.4,1.08,1.17,92.9,4.83,5,96.7,11,26.8,41,0.08,0.01,0.07,0.08,1.75,0.08,0,0
471,Michail Antonio,jm JAM,FW,West Ham,31-322,1990,22.4,14.2,21.9,65,234.8,45.3,7.63,10,76,4.42,6.47,68.3,1.52,2.68,56.7,0.27,0.22,0.04,1.56,0.71,1.03,0.45,1.16
472,Jarrod Bowen,eng ENG,FW,West Ham,25-055,1996,22.6,19.1,28.2,67.8,360.6,96.2,9.16,11.2,81.8,5.93,8.1,73.2,3.45,6.9,50,0.31,0.2,0.11,1.42,0.97,0.93,0.18,1.73
473,Saïd Benrahma,dz ALG,FWMF,West Ham,26-187,1995,16.6,25.5,33.9,75.4,407,91.9,14.8,17.3,85.4,7.95,10.1,78.6,2.17,4.1,52.9,0.24,0.13,0.11,1.2,1.45,1.39,0.54,2.53
474,Nikola Vlašić,hr CRO,FWMF,West Ham,24-132,1997,4,27.8,35.8,77.6,393.3,68.5,17.3,18.8,92,8.25,10.8,76.7,1,3.5,28.6,0,0.07,-0.07,1.25,0.5,1,0,2.5
475,Andriy Yarmolenko,ua UKR,FWMF,West Ham,32-113,1989,1.1,30,43.6,68.8,496.4,129.1,16.4,23.6,69.2,9.09,13.6,66.7,3.64,3.64,100,0,0,0,0.91,0,2.73,0.91,3.64
476,Pablo Fornals,es ESP,MFFW,West Ham,25-356,1996,18.8,31.3,41.6,75.2,572.3,185.6,14.2,16.5,86.1,12.6,15.7,80.1,3.83,6.86,55.8,0.11,0.15,-0.04,1.44,3.09,1.49,0.27,5.05
477,Alex Král,cz CZE,MF,West Ham,23-270,1998,0,0,2,0,0,0,0,1,0,0,1,0,0,0,,0,0,0,0,0,0,0,0
478,Manuel Lanzini,ar ARG,MF,West Ham,28-363,1993,9.9,56,62.8,89.1,898.9,192.8,29.6,31.4,94.2,20.7,23.2,89.1,4.24,6.26,67.7,0.2,0.19,0.01,1.72,3.33,1.01,0,4.04
479,Mark Noble,eng ENG,MF,West Ham,34-281,1987,1.1,50,59.1,84.6,939.1,249.1,17.3,19.1,90.5,28.2,29.1,96.9,4.55,10.9,41.7,0,0,0,0,4.55,0,0,2.73
480,Sonny Perkins,eng ENG,MF,West Ham,18-003,2004,0,0,1,0,0,0,0,0,,0,1,0,0,0,,0,0,0,0,0,0,0,0
481,Declan Rice,eng ENG,MF,West Ham,23-030,1999,23,50.7,56.6,89.6,1016.7,243.4,18.5,20,92.6,23.7,25.8,91.7,7.91,9.65,82,0.17,0.07,0.1,0.74,6.39,0.78,0.26,3.7
482,Tomáš Souček,cz CZE,MF,West Ham,26-351,1995,21.9,33.7,42.1,80,639.9,140.5,14.2,17.3,82.1,13.8,16.8,82.3,4.93,6.62,74.5,0.05,0.03,0.02,0.46,3.24,0.5,0.09,3.52
483,Arthur Masuaku,cd COD,DFFW,West Ham,28-098,1993,5.6,42.3,54.6,77.5,677.7,228.9,23.9,27.1,88.2,15.9,20.7,76.7,2.32,6.07,38.2,0.18,0.16,0.02,0.54,3.75,0.71,0.18,3.75
484,Harrison Ashby,sct SCO,DF,West Ham,20-091,2001,0.1,70,80,87.5,1420,180,20,20,100,40,50,80,10,10,100,0,0,0,0,0,0,0,0
485,Vladimír Coufal,cz CZE,DF,West Ham,29-175,1992,17.9,39.8,58.5,68,688,340.2,18,21.7,83.2,17.8,24.1,73.6,3.35,9.94,33.7,0.17,0.12,0.05,0.84,2.63,1.34,0.67,4.36
486,Aaron Cresswell,eng ENG,DF,West Ham,32-060,1989,16.7,55,69.5,79.2,1008.8,436.2,23.7,25.6,92.7,24.3,27.8,87.3,6.29,13.5,46.7,0.12,0.13,-0.01,1.5,4.19,1.08,0.36,6.11
487,Craig Dawson,eng ENG,DF,West Ham,31-283,1990,17.9,33.2,40.7,81.6,778.2,251.3,8.77,9.66,90.8,15.9,18.1,88,8.21,12.1,67.7,0.06,0.03,0.03,0.17,3.13,0.06,0,1.84
488,Issa Diop,fr FRA,DF,West Ham,25-035,1997,8,32.8,38.5,85.1,662.6,224.3,10.3,11,93.2,18.1,19.9,91.2,4.25,7.5,56.7,0,0,0,0,1.38,0,0,1.38
489,Ryan Fredericks,eng ENG,DF,West Ham,29-126,1992,0.3,13.3,26.7,50,266.7,66.7,6.67,10,66.7,3.33,6.67,50,3.33,6.67,50,0,0,0,0,0,0,0,0
490,Ben Johnson,eng ENG,DF,West Ham,22-020,2000,8.9,35.5,51.7,68.7,685.8,308.8,15.3,17.5,87.2,14.7,21,70.1,4.72,10.6,44.7,0,0.03,-0.03,0.45,2.81,1.35,0.79,3.26
491,Angelo Ogbonna,it ITA,DF,West Ham,33-266,1988,10.2,38.4,44.3,86.7,842,220,9.61,10.1,95.1,22.2,23.5,94.2,6.37,10.1,63.1,0,0,0,0,1.76,0,0,0.98
492,Kurt Zouma,fr FRA,DF,West Ham,27-109,1994,12.8,33.5,38.8,86.5,720.3,202.7,9.14,9.92,92.1,19,20.8,91.4,5.23,7.89,66.3,0,0,0,0,0.7,0.08,0,1.48
493,Alphonse Areola,fr FRA,GK,West Ham,28-351,1993,1,20,41,48.8,768,546,0,0,,9,9,100,11,32,34.4,0,0,0,0,0,0,0,0
494,Łukasz Fabiański,pl POL,GK,West Ham,36-301,1985,23,16.3,26,62.8,628.6,410.6,1.3,1.3,100,5.61,5.65,99.2,9.39,18.9,49.7,0,0,0,0.04,0.26,0,0,0
495,Raúl Jiménez,mx MEX,FW,Wolves,30-284,1991,18.3,19.9,28.5,69.9,288.9,60.3,12.3,16.2,76.4,5.63,7.16,78.6,1.26,2.68,46.9,0.11,0.09,0.02,1.26,1.26,0.49,0.05,1.58
496,Adama Traoré,es ESP,FW,Wolves,26-019,1996,11.9,20.6,27.6,74.5,354.9,66.7,10.5,13.4,78.6,7.14,9.5,75.2,2.61,3.45,75.6,0,0.14,-0.14,1.6,1.43,1.26,0.59,1.93
497,Morgan Gibbs-White,eng ENG,FWMF,Wolves,22-017,2000,0.1,70,100,70,740,280,50,60,83.3,10,10,100,0,10,0,0,0,0,0,10,0,0,10
498,Hwang Hee-chan,kr KOR,FWMF,Wolves,26-018,1996,10.9,23.6,29.2,80.8,399.3,52,12.6,15.1,83,7.8,9.08,85.9,2.66,3.49,76.3,0,0.09,-0.09,0.64,1.1,0.37,0,1.19
499,Daniel Podence,pt POR,FWMF,Wolves,26-115,1995,8.8,27.6,38.3,72.1,455.6,149.3,14.8,18.3,80.7,8.64,11.6,74.5,2.95,5.34,55.3,0.23,0.26,-0.03,2.05,2.39,2.5,0.8,4.43
500,Fábio Silva,pt POR,FWMF,Wolves,19-209,2002,1.6,15,25,60,221.9,55.6,10,13.8,72.7,4.38,6.25,70,0.63,1.25,50,0,0.06,-0.06,0.63,0.63,0.63,0,2.5
501,Francisco Trincão,pt POR,FWMF,Wolves,22-046,1999,11.1,23.8,30.5,77.9,398.8,84.8,11.9,13.7,86.8,9.01,10.9,82.6,2.25,3.78,59.5,0,0.08,-0.08,1.17,1.89,0.81,0.18,2.25
502,Chiquinho,pt POR,MF,Wolves,22-008,2000,0.3,23.3,40,58.3,350,193.3,16.7,23.3,71.4,3.33,10,33.3,3.33,3.33,100,0,0.33,-0.33,3.33,0,3.33,3.33,6.67
503,Luke Cundle,eng ENG,MF,Wolves,19-293,2002,0,0,0,,0,0,0,0,,0,0,,0,0,,0,0,0,0,0,0,0,0
504,Leander Dendoncker,be BEL,MF,Wolves,26-304,1995,10.8,32.3,36.9,87.5,578.2,122.4,14.9,16.9,88.5,12.9,14.2,90.8,3.89,4.54,85.7,0.09,0.07,0.02,0.56,1.67,0.19,0,2.04
505,João Moutinho,pt POR,MF,Wolves,35-158,1986,19.4,49.2,58.1,84.7,1027.6,194,16.6,18.9,88,22.6,24.8,91.1,9.23,12.7,72.8,0.05,0.09,-0.04,1.34,4.02,0.62,0.15,3.71
506,Rúben Neves,pt POR,MF,Wolves,24-337,1997,18,52.8,65.4,80.8,1297.1,275.4,10.9,13.3,82.4,27,30.8,87.7,14.7,20.1,73.1,0.06,0.08,-0.03,0.78,6.89,0.94,0.06,4.72
507,Rayan Aït Nouri,fr FRA,DF,Wolves,20-252,2001,10.3,37.5,52.1,71.9,625.8,228.2,20,21.9,91.2,14.1,18.5,75.9,3.2,9.03,35.5,0.19,0.09,0.11,0.78,1.55,0.68,0.39,2.23
508,Conor Coady,eng ENG,DF,Wolves,28-353,1993,21.8,35.6,40.3,88.3,917.8,274.7,5,5.32,94,20.3,21.5,94.7,10.1,13,78.1,0,0,0,0,1.38,0.09,0,0.96
509,Toti Gomes,pt POR,DF,Wolves,23-028,1999,2,26.5,41.5,63.9,474.5,180.5,10.5,11.5,91.3,13,18,72.2,2,10.5,19,0,0,0,0,2,0,0,1.5
510,Ki-Jana Hoever,nl NED,DF,Wolves,20-026,2002,2.2,34.1,47.7,71.4,660.9,231.8,13.2,17.7,74.4,17.3,22.3,77.6,3.64,5.45,66.7,0,0,0,0.45,0.91,0.45,0.45,2.73
511,Max Kilman,eng ENG,DF,Wolves,24-266,1997,22,41,47.2,86.8,864.8,298.4,13,14.2,91.4,21,22.9,92,6.59,9.41,70,0,0,0,0.09,2.73,0.09,0,3.18
512,Fernando Marçal,br BRA,DF,Wolves,32-359,1989,11.3,40.1,51.4,78,708,231.2,18.2,20.3,90,18.4,22.5,81.9,3.01,6.81,44.2,0,0.01,-0.01,0.18,1.68,0.35,0.18,3.19
513,Romain Saïss,ma MAR,DF,Wolves,31-324,1990,19.4,44.9,54.5,82.5,958.6,464.7,12.9,14.2,90.9,24.7,27.8,88.9,7.06,11.6,60.6,0,0.01,-0.01,0.1,5.67,0,0,4.23
514,Nélson Semedo,pt POR,DF,Wolves,28-089,1993,19.4,39.1,49.4,79.1,590.2,214.7,22.6,25.1,90.1,13.9,16.9,82,1.96,5.21,37.6,0.05,0.05,0.01,0.57,2.27,0.36,0.1,3.3
515,José Sá,pt POR,GK,Wolves,29-027,1993,22,17.9,27.7,64.5,552.5,323.4,3.14,3.14,100,7.27,7.36,98.8,7.41,17.1,43.4,0.05,0.05,0,0.18,0.36,0.09,0,0