Rk,Player,Nation,Pos,Squad,Age,Born,90s,Touches,Touches_DefPen,Touches_Def3rd,Touches_Mid3rd,Touches_Att3rd,Touches_AttPen,Touches_Live,Dribbles_Succ,Dribbles_Att,Dribbles_Succ%,Dribbles_#Pl,Dribbles_Megs,Carries,Carries_TotDist,Carries_PrgDist,Carries_Prog,Carries_Final3rd,Carries_CPA,Carries_Mis,Carries_Dis,Rec_Targ,Rec,Rec%,Rec_Prog
1,Max Aarons,eng ENG,DF,Norwich City,22-052,2000,23.6,1331,118,518,555,353,22,1096,27,59,45.8,28,4,770,4531,2766,123,38,10,18,22,818,739,90.3,30
2,Che Adams,sct SCO,FW,Southampton,25-227,1996,14.4,476,23,74,210,215,62,466,7,17,41.2,9,0,300,1153,537,26,11,6,37,35,627,319,50.9,87
3,Rayan Aït Nouri,fr FRA,DF,Wolves,20-264,2001,13.3,849,45,314,322,252,28,705,26,46,56.5,30,2,492,2331,1512,77,13,10,21,21,533,467,87.6,32
4,Kristoffer Ajer,no NOR,DF,Brentford,23-314,1998,12.3,618,79,288,272,91,17,535,8,10,80,8,0,297,1770,1000,33,9,0,9,8,303,267,88.1,12
5,Nathan Aké,nl NED,DF,Manchester City,27-007,1995,7.5,652,52,242,380,83,6,632,0,2,0,0,0,479,2514,1692,54,9,0,2,1,528,507,96,2
6,Marc Albrighton,eng ENG,FWDF,Leicester City,32-099,1989,8.1,382,24,96,167,137,8,335,14,26,53.8,15,2,223,890,363,17,6,2,7,11,295,215,72.9,21
7,Thiago Alcántara,es ESP,MF,Liverpool,30-320,1991,9.9,955,24,168,619,233,22,945,6,11,54.5,6,0,707,3130,1617,89,26,4,7,8,741,707,95.4,22
8,Trent Alexander-Arnold,eng ENG,DF,Liverpool,23-141,1998,22.7,2162,59,437,1017,800,66,1766,21,32,65.6,21,0,1229,4466,2383,112,42,10,15,20,1437,1342,93.4,95
9,Alisson,br BRA,GK,Liverpool,29-146,1992,24,965,723,958,8,0,0,814,1,2,50,1,0,559,1969,1056,0,0,0,1,0,549,544,99.1,0
10,Allan,br BRA,MF,Everton,31-048,1991,18.6,944,56,268,555,175,9,896,13,19,68.4,13,1,574,2910,1516,76,22,2,16,22,540,502,93,15
11,Dele Alli,eng ENG,MF,Everton,25-320,1996,1.1,76,6,11,40,31,7,73,3,4,75,3,1,46,212,113,7,3,1,5,5,59,50,84.7,12
12,Dele Alli,eng ENG,MFFW,Tottenham,25-320,1996,7.3,331,23,87,172,97,20,321,5,18,27.8,7,2,213,908,446,17,6,0,12,18,262,199,76,31
13,Miguel Almirón,py PAR,MF,Newcastle Utd,28-015,1994,11,427,12,95,175,188,32,423,9,20,45,13,1,294,1927,926,47,11,4,15,23,358,255,71.2,32
14,Marcos Alonso,es ESP,DF,Chelsea,31-059,1990,16.1,1137,61,329,395,455,42,943,11,26,42.3,12,1,630,2942,1660,83,15,8,18,21,733,632,86.2,61
15,Steven Alzate,co COL,MF,Brighton,23-170,1998,3.1,195,14,60,108,39,4,193,1,2,50,1,1,126,553,303,15,8,1,3,3,125,115,92,4
16,Daniel Amartey,gh GHA,DF,Leicester City,27-066,1994,12.7,852,138,490,387,17,0,840,4,6,66.7,4,0,589,2445,1463,27,4,0,4,2,621,610,98.2,0
17,Joachim Andersen,dk DEN,DF,Crystal Palace,25-270,1996,20.4,1601,333,973,676,46,16,1550,4,6,66.7,4,0,1012,5747,2800,45,4,2,1,4,1163,1149,98.8,2
18,Michail Antonio,jm JAM,FW,West Ham,31-334,1990,24.4,904,15,60,345,556,130,876,27,63,42.9,30,4,665,3286,1896,99,30,23,96,72,1294,691,53.4,197
19,Cameron Archer,eng ENG,MFFW,Aston Villa,20-219,2001,0.3,12,0,1,2,9,3,12,1,2,50,1,0,7,15,0,0,0,0,0,1,9,6,66.7,2
20,Alphonse Areola,fr FRA,GK,West Ham,28-363,1993,1,42,40,42,0,0,0,25,0,0,,0,0,17,49,13,0,0,0,0,0,20,20,100,0
21,Adam Armstrong,eng ENG,FW,Southampton,25-015,1997,13.3,402,6,37,161,239,68,376,14,29,48.3,15,1,281,1658,927,56,17,15,25,21,536,282,52.6,90
22,Stuart Armstrong,sct SCO,MF,Southampton,29-332,1992,6.8,332,16,61,163,141,19,327,7,16,43.8,8,0,241,1695,898,37,14,3,4,7,260,227,87.3,26
23,Kepa Arrizabalaga,es ESP,GK,Chelsea,27-145,1994,4,149,130,149,0,0,0,120,0,0,,0,0,85,253,117,0,0,0,0,0,81,81,100,0
24,Harrison Ashby,sct SCO,DF,West Ham,20-103,2001,0.1,9,1,3,1,5,0,8,0,0,,0,0,4,21,5,1,0,0,0,0,8,6,75,0
25,Pierre-Emerick Aubameyang,ga GAB,FW,Arsenal,32-252,1989,11.5,322,5,34,141,167,55,313,2,6,33.3,3,0,169,1024,600,29,11,9,20,5,443,225,50.8,56
26,Jordan Ayew,gh GHA,FW,Crystal Palace,30-167,1991,17,889,11,117,483,381,62,883,31,61,50.8,32,5,693,4260,2450,119,38,20,52,58,844,650,77,78
27,Luke Ayling,eng ENG,DF,Leeds United,30-184,1991,16,1219,162,664,501,146,18,1130,15,29,51.7,17,3,752,4565,2706,67,20,1,16,10,821,781,95.1,19
28,César Azpilicueta,es ESP,DF,Chelsea,32-181,1989,15.4,1274,92,406,580,335,38,1150,9,11,81.8,9,0,745,2968,1629,84,17,5,8,5,910,855,94,39
29,Daniel Bachmann,at AUT,GK,Watford,27-231,1994,11,362,309,359,3,0,0,249,1,1,100,1,0,163,889,567,0,0,0,0,0,135,134,99.3,0
30,Leon Bailey,jm JAM,FWMF,Aston Villa,24-200,1997,5.1,235,6,32,83,139,21,219,11,18,61.1,12,1,179,1052,534,34,5,6,14,20,215,164,76.3,33
31,Eric Bailly,ci CIV,DF,Manchester Utd,27-319,1994,2.4,113,26,73,41,3,0,109,0,2,0,0,0,62,313,142,5,0,0,1,3,54,53,98.1,0
32,Folarin Balogun,eng ENG,FW,Arsenal,20-237,2001,0.8,23,1,3,10,12,6,23,0,2,0,0,0,16,50,16,1,0,1,4,2,34,17,50,7
33,Patrick Bamford,eng ENG,FW,Leeds United,28-173,1993,5.1,151,10,22,67,72,31,138,3,7,42.9,4,0,90,343,152,8,2,1,15,6,216,97,44.9,30
34,Shandon Baptiste,gd GRN,MF,Brentford,23-323,1998,9.4,359,14,79,195,119,16,358,10,14,71.4,10,0,255,1315,724,38,12,2,19,9,344,229,66.6,32
35,Ross Barkley,eng ENG,MF,Chelsea,28-082,1993,1.7,131,0,9,50,86,7,124,4,5,80,5,0,94,743,451,18,10,1,1,6,118,108,91.5,20
36,Ashley Barnes,eng ENG,FW,Burnley,32-118,1989,4.5,150,2,16,79,65,22,147,2,4,50,2,0,91,285,116,7,3,2,14,9,206,97,47.1,23
37,Harvey Barnes,eng ENG,FWMF,Leicester City,24-078,1997,13.4,595,8,66,256,336,77,592,19,51,37.3,23,1,472,2992,2060,104,34,25,38,32,647,472,73,94
38,Lewis Bate,eng ENG,MF,Leeds United,19-119,2002,0.5,29,1,7,19,7,0,29,1,2,50,1,1,22,104,28,0,1,0,4,2,27,19,70.4,1
39,Mads Bech Sørensen,dk DEN,DF,Brentford,23-049,1999,4.2,267,44,146,107,30,2,223,0,0,,0,0,143,905,620,13,3,0,0,0,158,151,95.6,2
40,Jan Bednarek,pl POL,DF,Southampton,25-319,1996,18.2,1104,154,547,558,45,17,1054,2,2,100,2,0,586,2510,1274,17,0,0,1,2,631,616,97.6,4
41,Donny van de Beek,nl NED,MF,Everton,24-313,1997,2.3,160,2,27,90,50,4,157,1,5,20,2,1,96,334,157,9,1,0,1,5,109,100,91.7,4
42,Donny van de Beek,nl NED,MF,Manchester Utd,24-313,1997,0.8,53,2,19,21,15,4,53,3,4,75,3,0,31,59,23,2,0,1,1,4,41,30,73.2,5
43,Asmir Begović,ba BIH,GK,Everton,34-250,1987,1,25,24,25,0,0,0,12,0,0,,0,0,5,24,16,0,0,0,0,0,8,8,100,0
44,Saïd Benrahma,dz ALG,FWMF,West Ham,26-199,1995,17.6,812,13,107,349,414,70,796,22,54,40.7,27,4,611,3323,1767,84,22,18,35,30,790,593,75.1,117
45,Rodrigo Bentancur,uy URU,MF,Tottenham,24-265,1997,2.8,203,13,48,125,43,2,200,3,5,60,3,0,150,729,341,15,3,1,3,6,147,139,94.6,4
46,Christian Benteke,be BEL,FW,Crystal Palace,31-084,1990,12.1,432,38,62,198,188,83,412,9,18,50,10,1,212,965,447,25,6,8,36,11,610,317,52,99
47,Jóhann Berg Guðmundsson,is ISL,MF,Burnley,31-121,1990,12.2,492,24,85,197,245,27,488,14,22,63.6,15,0,331,1680,815,37,16,5,17,18,383,302,78.9,57
48,Steven Bergwijn,nl NED,FW,Tottenham,24-140,1997,5,213,4,32,81,126,29,208,7,13,53.8,8,0,157,941,618,27,10,7,10,16,239,157,65.7,45
49,Ryan Bertrand,eng ENG,DF,Leicester City,32-204,1989,3.7,228,18,71,113,55,4,182,0,1,0,1,1,122,544,216,11,3,1,4,5,148,128,86.5,2
50,Mads Bidstrup,dk DEN,MF,Brentford,21-000,2001,0.5,23,2,9,13,2,0,23,0,1,0,0,0,11,37,17,1,1,0,1,2,11,9,81.8,1
51,Yves Bissouma,ml MLI,MF,Brighton,25-179,1996,15.7,1042,63,297,615,224,14,1026,25,33,75.8,25,1,737,4434,2229,83,30,4,22,23,730,685,93.8,14
52,Jarrod Bowen,eng ENG,FW,West Ham,25-067,1996,24.6,1011,20,135,398,542,125,924,21,54,38.9,23,2,657,4055,1760,101,21,27,44,54,967,631,65.3,148
53,Jarrad Branthwaite,eng ENG,DF,Everton,19-243,2002,1.6,74,10,39,35,4,2,69,0,0,,0,0,43,177,118,1,0,0,1,3,35,34,97.1,0
54,Armando Broja,al ALB,FW,Southampton,20-168,2001,13.6,443,9,39,211,228,65,440,20,42,47.6,21,2,274,1778,1226,58,20,22,35,45,662,322,48.6,77
55,Josh Brownhill,eng ENG,MF,Burnley,26-068,1995,18.4,817,45,179,453,225,22,791,13,16,81.3,14,1,423,1785,806,46,19,3,13,10,496,441,88.9,27
56,Bryan,es ESP,FWMF,Tottenham,21-014,2001,1,83,2,10,19,59,5,80,2,3,66.7,2,0,66,393,245,13,2,0,5,3,70,60,85.7,13
57,Emi Buendía,ar ARG,FWMF,Aston Villa,25-062,1996,15.9,834,23,110,414,367,49,791,21,31,67.7,21,0,577,2720,1530,84,34,2,25,45,691,571,82.6,85
58,Dan Burn,eng ENG,DF,Newcastle Utd,29-292,1992,2,112,19,63,50,3,3,111,0,0,,0,0,54,311,142,1,0,0,0,0,58,56,96.6,0
59,Dan Burn,eng ENG,DF,Brighton,29-292,1992,11.4,772,100,391,363,64,12,754,1,2,50,1,0,465,2348,1203,27,9,0,6,3,519,498,96,2
60,Jack Butland,eng ENG,GK,Crystal Palace,28-352,1993,4.5,167,151,166,1,0,0,111,0,0,,0,0,71,314,118,0,0,0,0,0,81,80,98.8,0
61,Sam Byram,eng ENG,DFMF,Norwich City,28-162,1993,2,123,11,43,56,29,3,112,0,2,0,0,0,60,313,120,6,1,0,3,2,62,58,93.5,4
62,Willy Caballero,ar ARG,GK,Southampton,40-150,1981,2,68,54,68,0,0,0,50,0,0,,0,0,37,224,114,0,0,0,0,0,34,34,100,0
63,Dominic Calvert-Lewin,eng ENG,FW,Everton,24-346,1997,7.5,255,10,24,114,122,36,244,1,4,25,1,1,113,466,161,7,1,1,27,8,365,181,49.6,40
64,João Cancelo,pt POR,DF,Manchester City,27-274,1994,23.9,2510,47,393,1361,932,71,2302,39,66,59.1,41,7,1869,8306,4499,257,96,20,17,18,1940,1865,96.1,66
65,Sergi Canós,es ESP,DF,Brentford,25-023,1997,20.8,927,59,256,421,317,50,880,24,45,53.3,26,5,596,3334,2007,105,32,11,22,29,668,538,80.5,55
66,Todd Cantwell,eng ENG,FWMF,Norwich City,23-363,1998,4.9,215,5,50,109,70,7,210,5,11,45.5,5,0,159,608,289,15,4,0,12,12,205,150,73.2,18
67,Matty Cash,pl POL,DF,Aston Villa,24-202,1997,23.5,1307,99,418,574,394,70,1079,11,23,47.8,11,1,667,4101,2205,99,29,17,18,34,706,618,87.5,75
68,Timothy Castagne,be BEL,DF,Leicester City,26-082,1995,14.1,875,63,340,401,176,13,762,11,14,78.6,11,0,460,1915,992,43,13,1,14,13,566,491,86.7,33
69,Jonny Castro,es ESP,DF,Wolves,27-359,1994,0.3,16,1,4,7,5,0,15,0,1,0,0,0,8,19,2,0,0,0,0,0,8,7,87.5,0
70,Craig Cathcart,nir NIR,DF,Watford,33-019,1989,21.3,963,173,546,403,54,8,915,0,1,0,0,0,448,1851,878,12,3,0,1,3,518,497,95.9,2
71,Edinson Cavani,uy URU,FW,Manchester Utd,35-011,1987,6.7,234,10,42,102,96,27,230,4,4,100,4,0,121,259,66,4,2,2,12,3,301,173,57.5,32
72,Kayky Chagas,br BRA,FW,Manchester City,18-259,2003,0.1,3,0,0,2,2,0,3,0,0,,0,0,3,40,29,1,1,0,1,0,4,3,75,0
73,Trevoh Chalobah,eng ENG,DF,Chelsea,22-235,1999,10.1,794,52,304,432,99,7,776,8,10,80,8,0,542,2224,1104,38,13,0,1,5,568,555,97.7,2
74,Calum Chambers,eng ENG,DF,Aston Villa,27-036,1995,2,159,19,85,74,10,2,154,1,1,100,1,0,106,670,422,13,2,0,0,0,106,102,96.2,1
75,Calum Chambers,eng ENG,DF,Arsenal,27-036,1995,1.9,122,17,49,61,17,1,108,0,0,,0,0,71,239,106,4,2,0,1,2,73,71,97.3,0
76,Ben Chilwell,eng ENG,DF,Chelsea,25-066,1996,6,421,9,93,143,203,28,347,2,5,40,3,0,240,1083,515,23,4,5,11,3,295,256,86.8,30
77,Chiquinho,pt POR,MF,Wolves,22-020,2000,0.3,22,1,3,1,19,3,21,1,3,33.3,1,0,14,59,42,2,1,1,1,2,18,14,77.8,5
78,Hamza Choudhury,eng ENG,MFDF,Leicester City,24-147,1997,2.5,157,14,73,88,4,1,154,1,2,50,1,0,92,273,95,1,0,0,2,3,107,98,91.6,0
79,Andreas Christensen,dk DEN,DF,Chelsea,25-321,1996,12.1,991,119,472,502,67,3,957,5,5,100,5,0,628,2757,1500,45,15,0,1,0,678,665,98.1,2
80,Carney Chukwuemeka,eng ENG,MFFW,Aston Villa,18-049,2004,2.2,101,1,15,53,40,11,101,2,7,28.6,4,0,83,382,187,11,3,4,6,3,106,74,69.8,10
81,Ciaran Clark,ie IRL,DF,Newcastle Utd,32-152,1989,11.3,448,78,259,171,35,22,441,3,4,75,3,0,249,1151,507,13,4,0,4,0,265,251,94.7,4
82,Tom Cleverley,eng ENG,MF,Watford,32-197,1989,12.5,556,22,108,259,204,7,494,2,5,40,2,1,260,908,434,14,5,3,8,8,391,308,78.8,30
83,Nathaniel Clyne,eng ENG,DF,Crystal Palace,30-326,1991,3,168,5,61,98,21,0,135,0,0,,0,0,81,301,135,5,2,0,3,0,95,88,92.6,1
84,Conor Coady,eng ENG,DF,Wolves,29-000,1993,24.8,1170,285,779,425,21,14,1141,1,2,50,2,0,702,3527,1700,20,1,0,1,1,791,781,98.7,3
85,Séamus Coleman,ie IRL,DF,Everton,33-137,1988,17.6,1040,66,338,480,284,30,836,16,31,51.6,18,0,560,3110,1719,66,24,7,14,19,551,485,88,34
86,Nathan Collins,ie IRL,DF,Burnley,20-301,2001,6,253,50,141,107,11,7,249,1,2,50,2,0,105,544,193,5,0,0,2,1,95,87,91.6,0
87,Aaron Connolly,ie IRL,FW,Brighton,22-028,2000,1.7,34,0,0,14,21,4,33,0,1,0,0,0,22,132,42,3,0,0,3,1,65,22,33.8,7
88,Liam Cooper,sct SCO,DF,Leeds United,30-179,1991,14.2,1020,146,673,380,26,9,995,3,3,100,3,0,611,3465,1996,19,2,0,4,2,662,650,98.2,1
89,Jack Cork,eng ENG,MF,Burnley,32-245,1989,9.1,329,23,64,199,84,4,327,8,10,80,9,0,184,752,323,15,8,1,6,13,211,172,81.5,6
90,Maxwel Cornet,ci CIV,FWMF,Burnley,25-151,1996,10.1,341,12,56,132,173,39,325,9,23,39.1,10,0,208,936,484,24,8,3,25,21,450,217,48.2,68
91,Hélder Costa,ao ANG,MF,Leeds United,28-044,1994,0.2,6,0,1,3,2,0,6,0,0,,0,0,2,6,0,0,0,0,0,0,8,5,62.5,0
92,Vladimír Coufal,cz CZE,DF,West Ham,29-187,1992,18.7,1286,81,391,523,446,24,1053,11,23,47.8,13,0,620,3316,1604,64,27,6,13,13,719,643,89.4,33
93,Philippe Coutinho,br BRA,FWMF,Aston Villa,29-258,1992,3.9,176,1,13,95,85,15,170,8,13,61.5,8,3,141,728,417,23,11,3,8,6,201,143,71.1,24
94,Aaron Cresswell,eng ENG,DF,West Ham,32-072,1989,18.7,1423,73,382,704,415,20,1182,2,11,18.2,2,2,832,3615,1763,65,31,1,3,7,921,882,95.8,15
95,Charlie Cresswell,eng ENG,DF,Leeds United,19-080,2002,1.1,84,15,61,29,2,0,84,1,1,100,1,0,57,481,309,2,0,0,1,0,60,60,100,1
96,Cucho,co COL,FWMF,Watford,22-311,1999,8.3,380,10,58,156,203,23,349,17,27,63,17,0,250,1416,828,44,16,6,20,11,355,248,69.9,46
97,Marc Cucurella,es ESP,DF,Brighton,23-218,1998,21.3,1685,70,446,770,583,37,1457,21,40,52.5,23,6,1055,5099,3208,132,45,5,15,21,1153,1031,89.4,41
98,Luke Cundle,eng ENG,MF,Wolves,19-305,2002,0.9,37,2,8,23,7,0,34,0,0,,0,0,23,56,19,2,1,0,0,1,22,20,90.9,1
99,Patson Daka,zm ZAM,FW,Leicester City,23-139,1998,7.5,220,7,21,103,105,36,210,1,11,9.1,4,0,121,412,256,17,4,3,21,13,299,147,49.2,35
100,Stuart Dallas,nir NIR,DFMF,Leeds United,30-312,1991,23.9,1461,75,497,692,386,22,1248,13,24,54.2,13,2,835,5168,2984,115,45,10,12,28,903,800,88.6,42
101,Diogo Dalot,pt POR,DF,Manchester Utd,22-344,1999,11.1,803,38,242,400,213,19,686,8,19,42.1,10,0,454,2296,1395,66,13,5,11,10,501,460,91.8,28
102,Karl Darlow,eng ENG,GK,Newcastle Utd,31-140,1990,8,269,223,265,4,0,0,170,0,0,,0,0,95,546,294,0,0,0,0,0,94,93,98.9,0
103,Josh Dasilva,eng ENG,MFFW,Brentford,23-125,1998,1.4,58,9,21,27,14,2,57,3,3,100,3,0,38,229,98,4,1,1,2,4,31,22,71,4
104,Ben Davies,wls WAL,DF,Tottenham,28-307,1993,14.3,911,67,344,484,153,21,867,1,2,50,1,0,589,3673,2190,94,30,1,3,5,661,629,95.2,13
105,Tom Davies,eng ENG,MF,Everton,23-240,1998,1.8,87,2,13,44,31,8,86,0,0,,0,0,47,190,73,3,0,1,3,1,72,58,80.6,9
106,Keinan Davis,eng ENG,FW,Aston Villa,24-012,1998,0.1,7,0,0,5,2,0,7,0,0,,0,0,6,5,1,0,0,0,2,1,11,7,63.6,2
107,Craig Dawson,eng ENG,DF,West Ham,31-295,1990,19.9,996,164,530,466,55,32,977,2,2,100,2,0,556,2933,1416,37,6,0,2,5,614,602,98,4
108,Kevin De Bruyne,be BEL,MF,Manchester City,30-242,1991,14.2,1121,20,98,440,643,66,1031,18,31,58.1,18,1,769,3260,1960,102,39,8,20,18,949,840,88.5,98
109,Troy Deeney,eng ENG,FW,Watford,33-241,1988,0.3,11,2,2,1,8,5,11,0,0,,0,0,3,7,4,0,0,0,1,0,18,9,50,7
110,Liam Delap,eng ENG,FW,Manchester City,19-017,2003,0.1,1,0,0,1,0,0,1,0,0,,0,0,1,2,0,0,0,0,0,0,3,1,33.3,0
111,Fabian Delph,eng ENG,MF,Everton,32-096,1989,2.8,161,10,49,100,21,0,159,4,5,80,4,0,99,487,198,7,0,0,4,2,100,95,95,3
112,Leander Dendoncker,be BEL,MF,Wolves,26-316,1995,12.8,611,48,194,316,127,20,602,5,8,62.5,5,0,327,1152,500,16,6,1,10,6,440,359,81.6,28
113,Emmanuel Dennis,ng NGA,FWMF,Watford,24-102,1997,20.2,778,16,105,314,421,107,752,45,114,39.5,52,16,559,2918,1938,93,28,32,58,45,829,524,63.2,114
114,Kiernan Dewsbury Hall,eng ENG,MF,Leicester City,23-172,1998,9.8,659,32,174,328,213,19,644,11,17,64.7,12,0,446,2608,1479,61,19,2,20,26,504,449,89.1,41
115,Ibrahima Diallo,fr FRA,MF,Southampton,22-354,1999,8.2,408,14,67,252,109,8,407,17,21,81,20,1,288,1464,780,39,12,1,7,10,331,279,84.3,12
116,Raphael Dias Belloli,br BRA,MFFW,Leeds United,25-073,1996,21,1154,35,170,502,547,84,1036,43,107,40.2,51,12,794,3682,2328,117,20,23,56,36,1038,761,73.3,111
117,Rúben Dias,pt POR,DF,Manchester City,24-287,1997,22.7,2031,150,735,1353,93,26,1988,2,4,50,2,0,1502,8653,5352,199,18,0,5,2,1651,1627,98.5,8
118,Luis Díaz,co COL,FW,Liverpool,25-043,1997,2.9,180,0,10,71,105,26,180,7,13,53.8,8,0,149,679,359,23,2,7,5,11,178,145,81.5,32
119,Eric Dier,eng ENG,DF,Tottenham,28-041,1994,20.1,1362,267,799,614,35,10,1332,0,2,0,1,0,871,5291,3026,62,10,0,2,0,991,978,98.7,3
120,Lucas Digne,fr FRA,DF,Everton,28-220,1993,13,823,52,273,318,284,15,666,6,12,50,6,0,399,2075,1141,47,25,2,8,10,429,385,89.7,21
121,Lucas Digne,fr FRA,DF,Aston Villa,28-220,1993,5,357,20,98,127,146,14,286,2,4,50,3,1,201,957,514,21,3,2,6,6,225,195,86.7,29
122,Virgil van Dijk,nl NED,DF,Liverpool,30-232,1991,24,1974,224,957,1035,65,36,1915,2,4,50,2,0,1238,5123,2751,71,5,0,6,1,1415,1387,98,5
123,Issa Diop,fr FRA,DF,West Ham,25-047,1997,9,433,63,257,198,8,3,426,0,0,,0,0,233,1465,678,10,2,0,1,1,268,263,98.1,0
124,Moussa Djenepo,ml MLI,MF,Southampton,23-255,1998,4.8,235,7,44,93,110,25,235,13,26,50,14,1,172,922,628,28,6,7,17,15,176,142,80.7,18
125,Lewis Dobbin,eng ENG,FWMF,Everton,19-053,2003,0.4,13,0,3,7,5,2,13,0,1,0,0,0,11,81,43,1,0,1,1,1,21,8,38.1,3
126,Matt Doherty,ie IRL,DFMF,Tottenham,30-040,1992,3.6,277,18,69,123,97,19,244,4,6,66.7,4,0,164,975,556,33,4,2,4,4,167,163,97.6,20
127,Gabriel Dos Santos,br BRA,DF,Arsenal,24-068,1997,20.4,1322,239,752,599,64,25,1289,2,2,100,2,0,898,5426,2986,68,16,0,3,0,981,960,97.9,4
128,Abdoulaye Doucouré,fr FRA,MF,Everton,29-055,1993,15.7,777,37,195,427,198,29,767,16,30,53.3,16,0,485,2404,1346,51,20,4,14,8,517,437,84.5,39
129,Kieran Dowell,eng ENG,FWMF,Norwich City,24-138,1997,3.8,152,4,20,66,74,8,139,3,5,60,3,0,96,384,191,11,3,2,6,6,145,103,71,28
130,Cody Drameh,eng ENG,DF,Leeds United,20-079,2001,1.4,94,3,37,44,22,2,68,2,4,50,2,0,45,282,163,9,4,0,0,1,46,42,91.3,2
131,Martin Dúbravka,sk SVK,GK,Newcastle Utd,33-041,1989,12,437,362,435,3,0,0,266,0,0,,0,0,183,1087,604,0,0,0,0,0,155,155,100,0
132,Shane Duffy,ie IRL,DF,Brighton,30-055,1992,14,1017,181,649,372,49,20,997,2,2,100,2,0,598,2429,1256,20,6,0,2,1,736,717,97.4,2
133,Paul Dummett,wls WAL,DF,Newcastle Utd,30-152,1991,2.2,90,6,36,45,14,0,72,0,0,,0,0,42,151,72,4,2,0,0,1,36,36,100,0
134,Lewis Dunk,eng ENG,DF,Brighton,30-096,1991,15.6,1275,180,750,560,39,12,1245,2,2,100,2,0,859,4251,2048,26,3,0,1,4,976,964,98.8,1
135,Ederson,br BRA,GK,Manchester City,28-192,1993,25,765,635,755,11,0,0,645,0,0,,0,0,466,1934,1246,0,0,0,0,0,464,460,99.1,0
136,Odsonne Édouard,fr FRA,FW,Crystal Palace,24-040,1998,13.8,545,14,55,260,266,71,524,20,50,40,24,3,350,1767,1132,59,16,7,36,39,662,386,58.3,99
137,Anthony Elanga,se SWE,FW,Manchester Utd,19-304,2002,4.2,203,2,32,75,108,24,198,6,14,42.9,7,0,138,556,214,13,3,6,13,5,208,144,69.2,37
138,Harvey Elliott,eng ENG,MF,Liverpool,18-327,2003,3.1,250,1,22,121,127,18,243,2,7,28.6,2,0,186,900,537,27,13,2,5,2,204,190,93.1,23
139,Mohamed Elneny,eg EGY,MF,Arsenal,29-229,1992,2,131,7,33,78,29,3,130,0,1,0,0,0,100,453,177,4,0,0,3,0,94,90,95.7,1
140,Mohamed Elyounoussi,no NOR,MF,Southampton,27-205,1994,13.3,570,18,78,266,276,56,566,13,26,50,15,2,389,2407,1304,71,31,7,31,30,509,385,75.6,71
141,Emerson,br BRA,DF,Tottenham,23-042,1999,16.5,1196,69,384,470,401,41,1025,13,18,72.2,13,0,672,3076,1658,79,22,6,12,20,751,665,88.5,64
142,Oghenekaro Etebo,ng NGA,MF,Watford,26-108,1995,4.1,180,14,64,110,18,0,171,4,5,80,4,0,139,627,284,10,2,0,1,2,110,105,95.5,2
143,Jonny Evans,nir NIR,DF,Leicester City,34-053,1988,8.4,565,106,349,222,16,9,543,0,1,0,0,0,319,1480,687,9,3,0,1,0,348,338,97.1,0
144,Eberechi Eze,eng ENG,MFFW,Crystal Palace,23-241,1998,1.6,91,0,9,50,36,0,87,1,2,50,1,0,59,269,133,9,2,0,4,4,86,65,75.6,17
145,Łukasz Fabiański,pl POL,GK,West Ham,36-313,1985,25,689,632,688,1,0,0,451,0,0,,0,0,269,1297,645,0,0,0,0,0,261,258,98.9,0
146,Fabinho,br BRA,MF,Liverpool,28-125,1993,17.9,1220,42,264,780,224,15,1198,5,7,71.4,5,0,758,3245,1585,82,16,2,18,12,833,803,96.4,26
147,Kiko Femenía,es ESP,DF,Watford,31-023,1991,15.5,970,78,317,413,292,9,771,6,11,54.5,6,2,471,2369,1195,51,20,3,12,9,511,458,89.6,10
148,Evan Ferguson,ie IRL,MF,Brighton,17-129,2004,0.3,9,0,0,1,8,0,9,0,0,,0,0,4,7,0,0,0,0,1,0,11,8,72.7,0
149,Nathan Ferguson,eng ENG,DF,Crystal Palace,21-142,2000,0.1,5,0,4,1,0,0,3,0,0,,0,0,0,0,0,0,0,0,0,0,1,1,100,0
150,Bruno Fernandes,pt POR,MF,Manchester Utd,27-170,1994,23.6,1605,45,252,748,701,75,1483,14,30,46.7,17,3,1052,5098,2945,146,50,12,20,38,1408,1159,82.3,139
151,Álvaro Fernández,es ESP,GK,Brentford,23-318,1998,12,533,440,528,7,0,0,416,0,0,,0,0,268,1204,730,0,0,0,0,0,273,273,100,0
152,Federico Fernández,ar ARG,DF,Newcastle Utd,33-004,1989,5.8,267,59,176,93,12,10,260,0,0,,0,0,170,845,506,0,0,0,0,1,178,174,97.8,2
153,Fernandinho,br BRA,MF,Manchester City,36-297,1985,6.8,562,17,86,381,129,11,559,7,8,87.5,7,0,437,1812,892,41,11,0,6,9,457,444,97.2,14
154,Roberto Firmino,br BRA,FW,Liverpool,30-146,1991,8.4,485,2,41,237,238,53,474,13,27,48.1,15,1,331,1366,697,50,18,3,20,20,518,370,71.4,107
155,Junior Firpo,es ESP,DF,Leeds United,25-187,1996,12,755,38,234,369,204,26,655,7,14,50,7,1,440,2134,1284,59,19,2,11,6,464,421,90.7,28
156,Ashley Fletcher,eng ENG,FW,Watford,26-146,1995,0.3,15,1,3,6,7,1,15,0,1,0,0,0,7,29,15,1,0,0,0,0,29,8,27.6,1
157,Phil Foden,eng ENG,FW,Manchester City,21-273,2000,14.9,926,5,41,340,596,93,851,22,32,68.8,23,2,707,3215,1550,90,30,28,18,37,912,727,79.7,114
158,Pablo Fornals,es ESP,MFFW,West Ham,26-003,1996,20.7,1084,18,154,528,464,51,1044,16,36,44.4,17,5,729,3723,1986,104,34,7,24,24,963,764,79.3,103
159,Adam Forshaw,eng ENG,MF,Leeds United,30-140,1991,12,662,17,200,379,125,7,643,5,12,41.7,5,0,425,2045,864,30,10,1,5,14,492,423,86,17
160,Marcus Forss,fi FIN,FWMF,Brentford,22-252,1999,2.3,69,0,3,36,33,10,66,2,4,50,2,0,27,95,47,3,0,0,6,1,89,41,46.1,17
161,Fraser Forster,eng ENG,GK,Southampton,33-345,1988,8,293,241,292,1,0,0,199,0,0,,0,0,127,652,379,0,0,0,0,0,112,112,100,0
162,Ben Foster,eng ENG,GK,Watford,38-328,1983,14,492,399,485,8,0,0,322,0,0,,0,0,206,1239,766,0,0,0,0,0,187,186,99.5,0
163,Ryan Fraser,sct SCO,MFFW,Newcastle Utd,28-001,1994,11.3,385,14,79,136,195,28,358,4,8,50,4,0,245,1202,709,45,14,7,7,7,359,257,71.6,36
164,Fred,br BRA,MF,Manchester Utd,28-357,1993,16.9,1182,59,298,706,227,11,1163,9,20,45,10,1,734,2845,1386,54,12,1,24,22,850,793,93.3,27
165,Ryan Fredericks,eng ENG,DF,West Ham,29-138,1992,1,48,8,17,23,9,0,41,0,1,0,0,0,11,53,33,1,1,0,2,1,20,17,85,2
166,Leo Fuhr Hjelde,no NOR,DF,Leeds United,18-183,2003,1.7,128,10,56,58,19,1,100,0,1,0,1,0,61,248,137,5,0,0,2,0,72,64,88.9,4
167,Conor Gallagher,eng ENG,MF,Crystal Palace,22-019,2000,21.4,1126,38,208,540,449,69,1034,34,49,69.4,36,1,747,3451,1425,75,25,11,36,40,823,685,83.2,87
168,Dwight Gayle,eng ENG,FW,Newcastle Utd,31-131,1990,0.3,12,0,0,7,6,1,12,0,0,,0,0,9,16,7,1,0,0,1,0,19,10,52.6,2
169,Jean-Philippe Gbamin,ci CIV,MF,Everton,26-153,1995,0.7,28,1,8,22,1,0,28,1,2,50,2,0,19,113,69,2,0,0,1,2,20,18,90,1
170,David de Gea,es ESP,GK,Manchester Utd,31-110,1990,26,698,650,698,0,0,0,451,0,0,,0,0,247,1063,548,0,0,0,1,0,253,251,99.2,0
171,Joe Gelhardt,eng ENG,FW,Leeds United,19-297,2002,4.4,136,1,12,72,65,28,123,11,24,45.8,14,0,107,546,341,21,4,6,9,8,168,82,48.8,27
172,Anwar El Ghazi,nl NED,FWMF,Aston Villa,26-298,1995,4.3,183,3,16,64,117,17,180,3,12,25,5,2,119,626,416,27,6,4,21,10,203,136,67,29
173,Anwar El Ghazi,nl NED,FW,Everton,26-298,1995,0.1,11,0,1,2,8,2,9,0,1,0,0,0,6,21,10,1,0,1,1,0,10,6,60,2
174,Saman Ghoddos,ir IRN,MFDF,Brentford,28-172,1993,4.8,244,9,47,115,99,17,223,4,5,80,4,1,138,746,456,25,9,2,6,3,199,138,69.3,25
175,Dimitris Giannoulis,gr GRE,DF,Norwich City,26-131,1995,6.1,419,36,166,192,92,7,360,16,28,57.1,19,1,274,1424,797,28,5,3,12,5,251,228,90.8,20
176,Morgan Gibbs-White,eng ENG,FWMF,Wolves,22-029,2000,0.1,13,0,3,3,8,3,12,0,0,,0,0,7,18,12,1,1,0,0,0,9,8,88.9,3
177,Ben Gibson,eng ENG,DF,Norwich City,29-041,1993,20.7,1242,275,783,474,51,21,1203,2,4,50,2,0,717,3794,2353,53,12,0,3,3,837,828,98.9,1
178,Billy Gilmour,sct SCO,MF,Norwich City,20-259,2001,14,967,36,254,548,227,6,877,9,16,56.3,14,1,546,3065,1327,55,22,0,10,7,699,639,91.4,17
179,Ben Godfrey,eng ENG,DF,Everton,24-041,1998,16.5,782,97,346,340,141,24,697,4,8,50,5,0,379,2124,1057,35,18,1,7,6,414,374,90.3,15
180,André Gomes,pt POR,MF,Everton,28-210,1993,5.6,320,9,57,187,98,8,311,10,13,76.9,11,1,217,886,444,11,2,1,11,11,244,205,84,9
181,Toti Gomes,pt POR,DF,Wolves,23-040,1999,2,111,17,63,51,3,0,110,1,2,50,1,0,51,289,109,3,1,0,0,0,59,56,94.9,0
182,Joe Gomez,eng ENG,DF,Liverpool,24-278,1997,1.2,115,4,27,63,30,1,108,2,3,66.7,2,0,82,278,114,5,0,0,1,2,74,73,98.6,3
183,Charlie Goode,eng ENG,DF,Brentford,26-206,1995,5,337,20,122,163,74,11,262,5,7,71.4,5,0,163,1003,497,14,7,0,1,1,171,164,95.9,7
184,Anthony Gordon,eng ENG,MFFW,Everton,21-001,2001,12.9,595,12,93,240,313,47,564,18,32,56.3,20,4,392,2759,1434,69,25,9,29,22,513,382,74.5,53
185,Kaide Gordon,eng ENG,FW,Liverpool,17-143,2004,0.1,8,0,0,4,4,1,8,0,1,0,0,1,7,32,9,1,0,0,0,1,11,7,63.6,3
186,Dan Gosling,eng ENG,MF,Watford,32-024,1990,0.2,9,2,6,3,1,0,9,0,0,,0,0,3,5,5,0,0,0,1,0,4,4,100,0
187,Demarai Gray,eng ENG,MFFW,Everton,25-242,1996,17,723,8,65,290,443,65,676,28,57,49.1,29,3,545,3719,2139,118,43,24,39,31,693,500,72.2,107
188,Jack Grealish,eng ENG,FW,Manchester City,26-168,1995,14.1,818,8,48,315,532,128,801,20,36,55.6,22,0,718,5330,3291,206,47,60,16,28,843,687,81.5,130
189,Mason Greenwood,eng ENG,FWMF,Manchester Utd,20-147,2001,14.1,664,6,80,296,338,60,647,29,50,58,31,3,534,3452,2034,107,28,27,19,20,701,525,74.9,92
190,Sam Greenwood,eng ENG,MF,Leeds United,20-030,2002,0.1,8,0,1,5,3,0,8,0,0,,0,0,7,44,8,1,1,0,1,0,7,7,100,4
191,Pascal Groß,de GER,MFDF,Brighton,30-255,1991,13,921,30,174,401,386,36,814,4,8,50,5,1,544,2561,1103,63,19,3,14,14,699,610,87.3,58
192,Vicente Guaita,es ESP,GK,Crystal Palace,35-046,1987,21.5,718,651,717,1,0,0,555,0,0,,0,0,365,1462,720,0,0,0,0,0,341,341,100,0
193,Marc Guéhi,eng ENG,DF,Crystal Palace,21-227,2000,25,1809,282,1046,822,60,15,1774,10,12,83.3,10,0,1245,6880,3892,83,19,1,5,4,1308,1301,99.5,1
194,Bruno Guimarães,br BRA,MF,Newcastle Utd,24-101,1997,0.1,12,0,2,5,6,0,12,0,1,0,0,0,9,50,23,1,0,0,0,2,8,6,75,0
195,İlkay Gündoğan,de GER,MF,Manchester City,31-124,1990,14,970,15,102,480,454,72,896,16,23,69.6,17,2,679,3311,1510,83,31,9,11,14,853,750,87.9,92
196,Angus Gunn,eng ENG,GK,Norwich City,26-034,1996,6,211,177,211,0,0,0,132,0,0,,0,0,68,274,178,0,0,0,0,0,64,64,100,0
197,Grant Hanley,sct SCO,DF,Norwich City,30-097,1991,20.2,1062,232,704,371,25,18,1028,4,6,66.7,4,0,549,2245,989,15,1,0,4,1,611,597,97.7,1
198,Jack Harrison,eng ENG,MFFW,Leeds United,25-097,1996,18.5,913,23,173,372,443,64,893,30,64,46.9,32,4,699,4211,2691,144,40,22,45,46,833,646,77.6,92
199,Kortney Hause,eng ENG,DF,Aston Villa,26-224,1995,4.4,249,35,143,112,10,6,244,2,4,50,2,0,151,957,510,3,0,0,1,2,151,144,95.4,2
200,Kai Havertz,de GER,FWMF,Chelsea,22-259,1999,11.5,542,22,57,261,257,68,529,11,25,44,12,1,374,2036,1048,64,14,15,35,24,638,408,63.9,104
201,Isaac Hayden,eng ENG,MFDF,Newcastle Utd,26-340,1995,11.1,461,47,182,218,76,10,446,8,13,61.5,8,0,247,845,362,12,7,1,9,10,295,242,82,10
202,Hwang Hee-chan,kr KOR,FWMF,Wolves,26-030,1996,12.2,511,12,88,272,195,43,506,19,39,48.7,21,6,381,2298,1163,55,20,11,24,24,533,383,71.9,72
203,Jordan Henderson,eng ENG,MF,Liverpool,31-253,1990,19.3,1663,30,198,1039,528,38,1616,12,19,63.2,12,3,1105,5064,2294,98,49,4,15,12,1408,1294,91.9,92
204,Jeff Hendrick,ie IRL,MF,Newcastle Utd,30-025,1992,0.8,32,1,4,20,9,1,32,1,1,100,1,1,25,75,26,1,0,0,0,1,26,23,88.5,1
205,Wayne Hennessey,wls WAL,GK,Burnley,35-032,1987,2,87,69,83,4,0,0,51,0,0,,0,0,26,156,131,0,0,0,0,0,23,23,100,0
206,Rico Henry,eng ENG,DF,Brentford,24-232,1997,19.4,892,59,283,388,275,20,863,14,33,42.4,14,1,556,2565,1291,58,18,5,13,32,589,495,84,36
207,Son Heung-min,kr KOR,FWMF,Tottenham,29-232,1992,20.4,996,4,86,387,591,113,859,33,58,56.9,37,1,693,4156,2222,119,42,31,36,47,980,691,70.5,177
208,Ki-Jana Hoever,nl NED,DF,Wolves,20-038,2002,2.2,131,8,44,55,37,3,107,1,2,50,1,0,68,402,265,8,2,3,1,2,81,65,80.2,3
209,Rob Holding,eng ENG,DF,Arsenal,26-158,1995,4.8,300,54,175,126,14,5,293,1,2,50,1,0,174,813,403,4,2,0,1,3,189,184,97.4,0
210,Mason Holgate,eng ENG,DF,Everton,25-126,1996,10.8,513,78,280,239,20,2,472,1,1,100,1,0,208,1084,510,7,1,0,1,6,220,214,97.3,0
211,Callum Hudson-Odoi,eng ENG,FWMF,Chelsea,21-110,2000,10.7,505,7,40,194,315,62,491,19,29,65.5,19,0,419,2972,1869,106,25,34,16,23,506,394,77.9,73
212,Will Hughes,eng ENG,MF,Crystal Palace,26-314,1995,9,504,25,131,285,113,6,469,6,12,50,7,0,305,1297,631,29,10,0,6,10,325,299,92,7
213,Pierre Højbjerg,dk DEN,MF,Tottenham,26-204,1995,21.5,1678,61,403,1073,300,22,1629,25,40,62.5,26,2,1172,5332,2842,95,26,1,17,18,1251,1182,94.5,37
214,Adam Idah,ie IRL,FWMF,Norwich City,20-351,2001,6.9,234,14,26,93,127,33,229,12,16,75,12,0,170,929,340,19,3,2,25,17,353,162,45.9,51
215,Kelechi Iheanacho,ng NGA,FWMF,Leicester City,25-145,1996,7.1,302,4,25,150,143,33,294,9,21,42.9,10,2,226,975,586,33,9,6,26,15,406,224,55.2,55
216,Danny Ings,eng ENG,FW,Aston Villa,29-217,1992,13.7,388,11,38,165,198,77,368,10,21,47.6,11,1,217,906,463,23,8,5,34,9,511,239,46.8,74
217,Alex Iwobi,ng NGA,MFFW,Everton,25-298,1996,9.6,422,10,72,160,224,45,417,16,33,48.5,18,4,331,1859,1057,51,13,15,18,16,407,288,70.8,55
218,Daniel James,wls WAL,FW,Manchester Utd,24-107,1997,1.4,53,1,2,22,33,9,53,0,3,0,1,0,33,232,158,10,3,1,5,3,50,34,68,15
219,Daniel James,wls WAL,FWMF,Leeds United,24-107,1997,17.5,534,14,59,187,325,90,514,14,35,40,15,0,375,2449,1511,92,15,28,30,25,643,360,56,104
220,Reece James,eng ENG,DF,Chelsea,22-079,1999,12.4,1037,22,190,435,480,45,879,18,25,72,19,0,705,3122,1583,87,31,9,10,14,762,699,91.7,64
221,Vitaly Janelt,de GER,MF,Brentford,23-291,1998,16.2,817,49,261,411,185,22,767,9,13,69.2,10,1,448,2141,1045,39,10,3,14,10,578,471,81.5,24
222,Pontus Jansson,se SWE,DF,Brentford,31-012,1991,25.9,1305,307,850,471,38,28,1261,1,2,50,2,0,633,3147,1445,21,0,1,6,2,753,711,94.4,3
223,Mathias Jensen,dk DEN,MF,Brentford,26-055,1996,11.9,661,21,140,346,216,18,584,7,14,50,9,3,378,1658,795,36,14,0,12,17,478,381,79.7,35
224,Gabriel Jesus,br BRA,FW,Manchester City,24-328,1997,14.7,766,10,67,296,448,108,753,24,41,58.5,28,2,619,2994,1505,114,18,23,46,32,797,603,75.7,106
225,Raúl Jiménez,mx MEX,FW,Wolves,30-296,1991,21.2,882,26,87,491,354,105,842,29,75,38.7,34,0,596,2146,1056,64,15,15,66,44,1059,650,61.4,132
226,Joelinton,br BRA,MFFW,Newcastle Utd,25-195,1996,17.9,929,53,212,469,325,63,917,26,46,56.5,28,4,600,3112,1764,72,19,6,50,51,732,566,77.3,69
227,Ben Johnson,eng ENG,DF,West Ham,22-032,2000,9.4,608,60,226,268,144,7,501,6,11,54.5,8,0,316,1634,720,32,13,1,9,8,329,305,92.7,10
228,Curtis Jones,eng ENG,MF,Liverpool,21-026,2001,7.1,512,9,69,313,170,12,507,12,18,66.7,12,0,413,2241,1047,57,18,4,11,17,457,418,91.5,29
229,Phil Jones,eng ENG,DF,Manchester Utd,30-004,1992,1,60,10,22,35,6,0,60,0,0,,0,0,42,200,121,4,1,0,0,0,39,39,100,0
230,Jorginho,it ITA,MF,Chelsea,30-067,1991,17.8,1391,50,338,841,304,13,1364,6,7,85.7,7,1,933,3653,1719,62,23,0,9,22,1064,1024,96.2,25
231,Diogo Jota,pt POR,FW,Liverpool,25-083,1996,18.4,790,12,67,345,430,127,785,25,57,43.9,29,7,556,2743,1748,98,29,16,40,35,975,604,61.9,153
232,James Justin,eng ENG,DF,Leicester City,24-002,1998,2.8,179,18,84,72,35,3,159,1,5,20,2,0,98,403,229,7,3,0,1,1,114,101,88.6,5
233,Mathias Jørgensen,dk DEN,DF,Brentford,31-308,1990,4.8,317,19,122,139,72,3,254,0,0,,0,0,136,647,448,10,5,0,1,2,158,148,93.7,1
234,Ozan Kabak,tr TUR,DF,Norwich City,21-337,2000,8.2,418,61,268,166,15,5,406,11,15,73.3,11,0,269,1397,801,13,3,0,3,5,280,270,96.4,0
235,Christian Kabasele,be BEL,DF,Watford,31-001,1991,3.3,206,34,150,63,3,2,205,0,0,,0,0,124,530,258,4,0,0,0,0,136,136,100,0
236,Hassane Kamara,ci CIV,DF,Watford,27-159,1994,6.9,505,25,226,234,74,4,418,4,13,30.8,4,1,263,1381,635,19,6,0,6,4,248,231,93.1,8
237,Harry Kane,eng ENG,FW,Tottenham,28-212,1993,21.9,877,28,75,447,418,120,829,36,56,64.3,37,4,613,3271,1526,83,33,17,60,41,1112,673,60.5,172
238,N'Golo Kanté,fr FRA,MF,Chelsea,30-333,1991,11.5,841,24,189,420,294,19,838,20,30,66.7,20,0,606,3115,1692,68,29,4,14,17,690,633,91.7,54
239,Edo Kayembe,cd COD,MF,Watford,23-206,1998,4.3,264,13,71,167,48,2,259,3,7,42.9,3,0,179,1094,529,20,6,0,3,3,162,150,92.6,5
240,Moise Kean,it ITA,FW,Everton,21-362,2000,0,2,0,0,2,0,0,2,0,0,,0,0,0,0,0,0,0,0,0,1,3,2,66.7,0
241,Michael Keane,eng ENG,DF,Everton,29-045,1993,22,1069,162,579,501,46,19,1053,4,6,66.7,4,0,531,3033,1389,38,6,0,4,2,577,558,96.7,4
242,Naby Keïta,gn GUI,MF,Liverpool,27-015,1995,7.5,551,11,75,327,180,17,542,9,11,81.8,9,0,401,2014,1213,67,16,7,11,8,452,403,89.2,22
243,Caoimhín Kelleher,ie IRL,GK,Liverpool,23-094,1998,2,94,72,94,0,0,0,75,0,0,,0,0,53,166,99,0,0,0,0,0,54,54,100,0
244,Jonjoe Kenny,eng ENG,DF,Everton,24-347,1997,5,262,10,70,132,71,6,209,3,4,75,3,1,131,465,211,13,4,3,3,3,128,118,92.2,6
245,Max Kilman,eng ENG,DF,Wolves,24-278,1997,25,1429,174,762,680,85,21,1397,12,15,80,12,0,899,4853,2812,89,21,1,6,8,943,924,98,5
246,Joshua King,no NOR,FW,Watford,30-041,1992,20.6,711,29,83,338,335,105,681,34,60,56.7,36,3,447,2470,1407,71,23,23,74,34,938,495,52.8,146
247,Mateusz Klich,pl POL,MF,Leeds United,31-257,1990,15.3,782,24,140,382,309,48,766,13,17,76.5,14,0,537,3022,1475,78,23,6,17,19,687,543,79,102
248,Robin Koch,de GER,MFDF,Leeds United,25-223,1996,7.3,322,53,173,142,22,3,316,2,2,100,2,0,158,671,336,4,2,0,1,1,180,168,93.3,2
249,Sead Kolašinac,ba BIH,DF,Arsenal,28-250,1993,1,27,8,19,8,0,0,25,0,0,,0,0,10,30,15,0,0,0,0,0,8,7,87.5,0
250,Ibrahima Konaté,fr FRA,DF,Liverpool,22-276,1999,7,479,60,222,271,10,4,474,0,0,,0,0,306,1402,807,21,0,0,2,1,320,311,97.2,2
251,Ezri Konsa,eng ENG,DF,Aston Villa,24-125,1997,20,831,147,487,331,57,31,806,5,6,83.3,5,0,478,2156,1107,21,6,0,8,5,530,496,93.6,7
252,Cheikhou Kouyaté,sn SEN,MF,Crystal Palace,32-066,1989,16.7,811,69,290,462,92,6,797,9,15,60,10,0,461,1895,827,21,6,0,21,14,428,398,93,6
253,Mateo Kovačić,hr CRO,MF,Chelsea,27-295,1994,12.7,972,21,201,603,256,15,955,23,28,82.1,24,0,729,3988,2039,92,44,5,10,21,770,737,95.7,20
254,Emil Krafth,se SWE,DF,Newcastle Utd,27-207,1994,7.5,330,37,170,105,70,4,277,2,2,100,2,0,161,836,468,15,4,1,1,1,181,164,90.6,2
255,Alex Král,cz CZE,MF,West Ham,23-282,1998,0,2,0,0,2,0,0,2,0,0,,0,0,1,4,0,0,0,0,0,0,0,0,,0
256,Tim Krul,nl NED,GK,Norwich City,33-328,1988,19,773,654,765,11,0,0,556,0,0,,0,0,330,1481,843,0,0,0,0,0,348,346,99.4,0
257,Juraj Kucka,sk SVK,MF,Watford,34-364,1987,16.5,773,65,238,403,171,19,749,15,27,55.6,17,6,365,1665,913,47,13,1,20,18,471,382,81.1,12
258,Dejan Kulusevski,se SWE,FWMF,Tottenham,21-306,2000,2.9,136,1,20,60,60,14,131,3,6,50,3,2,99,402,241,17,3,2,10,7,124,86,69.4,23
259,Alexandre Lacazette,fr FRA,FWMF,Arsenal,30-273,1991,13.4,490,1,52,221,248,80,481,15,27,55.6,15,1,306,1232,709,37,11,6,33,17,563,364,64.7,84
260,Adam Lallana,eng ENG,MF,Brighton,33-291,1988,16.7,1083,42,276,603,269,36,1075,17,25,68,18,0,773,3084,1359,61,17,4,21,20,838,771,92,63
261,Tariq Lamptey,eng ENG,DFFW,Brighton,21-148,2000,11.4,715,29,158,259,351,38,663,21,46,45.7,22,0,513,2836,1790,104,16,16,19,17,589,487,82.7,52
262,Manuel Lanzini,ar ARG,MF,West Ham,29-010,1993,10.8,761,11,131,428,247,28,717,12,19,63.2,13,0,548,2640,1213,64,25,6,9,10,616,543,88.1,36
263,Aymeric Laporte,es ESP,DF,Manchester City,27-274,1994,20.1,1910,147,678,1283,115,33,1876,1,2,50,1,0,1434,8768,6039,225,33,1,1,2,1591,1562,98.2,6
264,Jamaal Lascelles,eng ENG,DF,Newcastle Utd,28-106,1993,17.7,721,188,476,211,54,39,713,1,1,100,1,0,301,1241,465,8,0,0,3,3,384,364,94.8,4
265,Pierre Lees-Melou,fr FRA,MF,Norwich City,28-276,1993,15.5,754,49,226,381,178,20,747,8,17,47.1,11,1,474,2047,836,29,8,4,9,5,540,474,87.8,28
266,Aaron Lennon,eng ENG,MFFW,Burnley,34-315,1987,7.9,233,13,45,104,99,15,228,6,18,33.3,8,0,148,670,327,19,7,6,9,9,199,139,69.8,17
267,Bernd Leno,de GER,GK,Arsenal,29-358,1992,3,99,86,99,0,0,0,70,0,0,,0,0,50,274,111,0,0,0,0,0,41,41,100,0
268,Jamal Lewis,nir NIR,DF,Newcastle Utd,24-031,1998,2.9,138,10,57,51,33,1,115,0,2,0,0,0,74,318,98,4,0,1,1,8,73,64,87.7,2
269,Victor Lindelöf,se SWE,DF,Manchester Utd,27-223,1994,16.1,955,164,576,410,37,6,935,0,1,0,0,0,548,3720,1908,37,11,0,2,3,596,591,99.2,1
270,Jesse Lingard,eng ENG,FW,Manchester Utd,29-072,1992,2,109,1,11,40,60,9,107,1,5,20,3,0,72,355,215,9,2,1,5,4,118,81,68.6,14
271,Valentino Livramento,eng ENG,DF,Southampton,19-105,2002,19.2,1118,69,336,534,347,37,956,24,42,57.1,29,1,639,4559,2617,102,40,11,25,25,630,557,88.4,44
272,Diego Llorente,es ESP,DF,Leeds United,28-193,1993,16.6,1117,168,672,510,36,7,1090,7,9,77.8,7,1,704,5480,3584,44,4,0,5,7,730,713,97.7,1
273,Hugo Lloris,fr FRA,GK,Tottenham,35-061,1986,24,672,611,671,2,0,0,453,0,0,,0,0,242,1163,608,0,0,0,0,0,214,212,99.1,0
274,Giovani Lo Celso,ar ARG,MFFW,Tottenham,25-322,1996,2.6,196,1,25,99,85,10,184,6,8,75,8,0,139,765,389,20,6,1,8,10,171,145,84.8,23
275,Jürgen Locadia,nl NED,FW,Brighton,28-110,1993,0.3,6,0,0,3,3,2,6,1,1,100,1,0,5,10,4,0,0,0,0,1,15,4,26.7,0
276,Ruben Loftus-Cheek,eng ENG,MF,Chelsea,26-033,1996,7.9,564,12,106,352,149,17,562,24,36,66.7,25,3,423,2195,1382,65,23,3,11,18,447,411,91.9,25
277,Shane Long,ie IRL,FWMF,Southampton,35-034,1987,1.3,61,1,4,20,41,4,61,2,4,50,2,0,33,106,22,0,0,0,4,7,76,47,61.8,10
278,Sean Longstaff,eng ENG,MF,Newcastle Utd,24-118,1997,10.9,563,37,163,316,118,10,542,3,6,50,3,0,339,1591,576,15,6,0,9,15,359,321,89.4,14
279,Ademola Lookman,eng ENG,FWMF,Leicester City,24-128,1997,11.8,572,7,75,269,265,68,562,28,46,60.9,29,4,469,2216,1288,80,21,15,26,37,533,400,75,92
280,Jonas Lössl,dk DEN,GK,Brentford,33-024,1989,2,66,54,65,1,0,0,50,0,0,,0,0,42,214,140,0,0,0,0,0,36,35,97.2,0
281,Imran Louza,ma MAR,MF,Watford,22-300,1999,7.4,401,22,102,245,79,2,364,9,14,64.3,9,0,207,1213,550,18,4,1,4,3,215,202,94,7
282,Matthew Lowton,eng ENG,DF,Burnley,32-261,1989,16.8,916,79,283,423,250,7,747,7,13,53.8,8,0,407,1783,1048,47,17,1,8,7,450,408,90.7,13
283,Douglas Luiz,br BRA,MF,Aston Villa,23-292,1998,18.3,1012,48,258,579,225,2,917,11,23,47.8,12,2,596,3093,1424,54,15,0,21,14,655,595,90.8,18
284,Romelu Lukaku,be BEL,FW,Chelsea,28-288,1993,13.1,355,16,26,170,182,73,336,11,19,57.9,13,0,217,987,624,34,10,18,28,23,581,262,45.1,109
285,Lyanco,br BRA,DF,Southampton,25-024,1997,6.1,308,54,164,146,17,5,300,3,4,75,3,0,162,828,322,10,3,1,2,3,150,146,97.3,2
286,Alexis Mac Allister,ar ARG,MFFW,Brighton,23-063,1998,11.7,796,28,151,367,318,29,741,6,19,31.6,8,2,488,2186,1153,58,16,1,10,19,552,493,89.3,43
287,James Maddison,eng ENG,MFFW,Leicester City,25-094,1996,16.9,786,14,115,404,313,57,693,24,38,63.2,25,1,538,2702,1484,76,19,7,21,21,691,540,78.1,92
288,Harry Maguire,eng ENG,DF,Manchester Utd,28-357,1993,20.7,1338,183,664,683,76,29,1303,3,5,60,3,0,800,5515,3009,85,18,0,4,4,883,864,97.8,3
289,Riyad Mahrez,dz ALG,FW,Manchester City,31-004,1991,11.3,781,12,51,237,544,84,710,18,31,58.1,18,0,612,3246,1738,101,16,24,21,26,684,601,87.9,94
290,Ainsley Maitland-Niles,eng ENG,MF,Arsenal,24-180,1997,3,171,9,47,89,41,1,166,2,7,28.6,2,0,101,422,216,10,1,0,3,5,116,108,93.1,3
291,Sadio Mané,sn SEN,FW,Liverpool,29-321,1992,21.7,1077,13,81,453,625,197,1069,34,60,56.7,36,6,830,4761,2464,144,38,45,72,52,1303,854,65.5,247
292,Javier Manquillo,es ESP,DF,Newcastle Utd,27-296,1994,12.3,488,54,203,194,112,11,403,8,12,66.7,8,0,222,1027,463,16,8,1,8,6,227,189,83.3,17
293,Fernando Marçal,br BRA,DF,Wolves,33-006,1989,11.3,733,47,243,297,233,12,631,4,9,44.4,5,1,400,1827,1101,66,17,2,8,10,441,397,90,28
294,Solly March,eng ENG,DFFW,Brighton,27-220,1994,10.4,566,27,105,204,291,41,511,17,24,70.8,17,1,383,2324,1344,70,13,13,13,15,461,359,77.9,49
295,Pablo Marí,es ESP,DF,Arsenal,28-178,1993,2,114,15,55,61,7,3,113,1,1,100,1,0,59,353,190,4,1,0,0,0,66,65,98.5,2
296,Anthony Martial,fr FRA,FW,Manchester Utd,26-082,1995,2.4,110,1,9,40,66,19,109,5,7,71.4,5,0,88,489,327,18,4,4,4,2,143,95,66.4,30
297,Martinelli,br BRA,FWMF,Arsenal,20-252,2001,11.2,459,13,45,152,294,70,431,11,27,40.7,13,2,303,2264,1382,73,19,21,28,19,463,303,65.4,73
298,Emiliano Martínez,ar ARG,GK,Aston Villa,29-176,1992,23,749,638,736,15,0,0,502,0,0,,0,0,345,1658,955,0,0,0,0,0,286,282,98.6,0
299,Adam Masina,ma MAR,DF,Watford,28-054,1994,9.6,524,55,204,233,101,2,430,8,10,80,8,0,248,994,540,19,6,0,5,3,261,243,93.1,4
300,Arthur Masuaku,cd COD,DFFW,West Ham,28-110,1993,5.6,386,23,116,154,133,9,349,5,7,71.4,5,1,236,1045,604,32,5,4,6,5,238,216,90.8,7
301,Jean-Philippe Mateta,fr FRA,FW,Crystal Palace,24-242,1997,5.4,157,12,25,77,63,24,146,9,14,64.3,9,1,81,285,142,10,3,5,9,6,208,103,49.5,25
302,Nemanja Matić,rs SRB,MF,Manchester Utd,33-208,1988,8.5,647,35,204,403,95,4,634,7,9,77.8,7,0,420,2639,1639,57,11,0,10,8,464,450,97,4
303,Joël Matip,cm CMR,DF,Liverpool,30-201,1991,21,1756,164,723,1087,126,41,1721,11,12,91.7,11,0,1140,7630,5278,191,52,4,5,7,1270,1238,97.5,8
304,Neal Maupay,fr FRA,FW,Brighton,25-195,1996,19.4,655,8,43,268,373,96,617,24,38,63.2,27,4,445,1626,669,42,15,5,42,44,881,463,52.6,161
305,Bryan Mbeumo,fr FRA,FW,Brentford,22-202,1999,20.8,780,14,84,307,440,82,739,25,47,53.2,26,3,482,2576,1372,67,22,15,57,43,1049,532,50.7,177
306,James McArthur,sct SCO,MF,Crystal Palace,34-141,1987,11.9,794,41,187,473,181,19,759,11,17,64.7,11,2,527,2682,1241,48,18,2,9,18,543,488,89.9,27
307,James Mcatee,eng ENG,MFFW,Manchester City,19-130,2002,0.2,17,0,1,10,6,3,17,1,1,100,1,0,12,38,29,2,0,1,0,2,13,13,100,3
308,Kasey McAteer,eng ENG,FW,Leicester City,20-095,2001,0,2,1,1,0,1,0,2,0,0,,0,0,2,5,5,0,0,0,1,0,4,2,50,0
309,Liam McCarron,sct SCO,FW,Leeds United,20-355,2001,0.1,2,0,1,2,0,0,2,0,0,,0,0,2,32,8,1,0,0,0,0,1,1,100,0
310,Alex McCarthy,eng ENG,GK,Southampton,32-084,1989,15,483,397,480,4,0,0,340,0,0,,0,0,220,829,480,0,0,0,0,0,208,206,99,0
311,John McGinn,sct SCO,MF,Aston Villa,27-130,1994,20.3,1049,40,235,572,315,16,976,23,37,62.2,25,1,685,3265,1816,79,24,2,19,24,704,633,89.9,40
312,Stuart McKinstry,sct SCO,MF,Leeds United,19-160,2002,0,5,0,2,4,0,0,5,0,0,,0,0,4,31,28,0,0,0,1,0,5,3,60,0
313,Kenny McLean,sct SCO,MF,Norwich City,30-048,1992,22.3,996,56,293,537,224,28,974,12,25,48,14,0,560,3010,1417,57,14,3,18,16,793,645,81.3,50
314,Dwight McNeil,eng ENG,MF,Burnley,22-095,1999,22,998,37,191,472,428,31,953,46,83,55.4,51,2,755,5126,2362,118,39,8,29,36,733,591,80.6,52
315,Scott McTominay,sct SCO,MF,Manchester Utd,25-079,1996,19.9,1198,58,307,715,256,21,1181,28,41,68.3,29,0,780,4507,2244,103,38,3,22,25,809,743,91.8,30
316,Ben Mee,eng ENG,DF,Burnley,32-155,1989,19,888,140,448,425,47,27,864,3,4,75,4,0,428,2128,912,18,1,0,3,5,428,408,95.3,2
317,Benjamin Mendy,fr FRA,DF,Manchester City,27-223,1994,0.9,94,0,16,57,28,1,82,1,2,50,1,1,69,302,204,8,4,0,0,1,72,69,95.8,1
318,Edouard Mendy,sn SEN,GK,Chelsea,29-361,1992,21,640,568,638,4,0,0,504,0,0,,0,0,311,1219,509,0,0,0,1,0,324,323,99.7,0
319,Illan Meslier,fr FRA,GK,Leeds United,21-360,2000,25,1042,934,1042,1,0,0,791,0,0,,0,0,577,2500,1240,0,0,0,3,0,513,513,100,0
320,Luka Milivojević,rs SRB,MF,Crystal Palace,30-324,1991,6.3,423,12,92,238,108,2,381,2,3,66.7,2,0,225,893,396,17,6,0,1,0,281,274,97.5,5
321,James Milner,eng ENG,MFDF,Liverpool,36-052,1986,7,621,38,157,306,182,8,580,2,4,50,2,0,378,1441,772,31,11,0,4,5,443,406,91.6,19
322,Yerry Mina,co COL,DF,Everton,27-155,1994,7.2,358,76,207,145,19,11,353,0,0,,0,0,195,1048,477,7,0,0,1,0,211,201,95.3,2
323,Takumi Minamino,jp JPN,FWMF,Liverpool,27-040,1995,1.1,53,0,5,23,26,5,53,0,2,0,0,0,38,169,84,5,0,0,1,0,63,43,68.3,9
324,Tyrone Mings,eng ENG,DF,Aston Villa,28-349,1993,21.4,1243,237,752,483,88,41,1199,7,9,77.8,7,0,678,4145,2179,38,9,1,6,2,778,734,94.3,7
325,Tyrick Mitchell,eng ENG,DF,Crystal Palace,22-177,1999,25.9,1735,102,659,760,404,24,1431,12,23,52.2,13,0,949,4017,2084,71,29,2,26,31,969,901,93,48
326,Jakub Moder,pl POL,MFFW,Brighton,22-324,1999,17.4,984,38,188,410,449,65,954,12,31,38.7,14,2,634,3141,1563,81,32,2,30,24,825,674,81.7,90
327,Wesley Moraes,br BRA,FW,Aston Villa,25-091,1996,0,4,0,0,1,3,0,4,0,0,,0,0,1,0,0,0,0,0,1,0,6,4,66.7,1
328,Tyler Morton,eng ENG,MF,Liverpool,19-117,2002,0.7,39,0,3,33,5,0,39,0,0,,0,0,27,91,36,2,0,0,0,0,23,21,91.3,0
329,Mason Mount,eng ENG,MFFW,Chelsea,23-046,1999,16,899,10,92,297,559,89,826,15,31,48.4,16,2,620,2778,1485,88,32,18,30,31,849,657,77.4,138
330,Lucas Moura,br BRA,FWMF,Tottenham,29-196,1992,16.8,883,20,92,498,371,50,875,33,56,58.9,35,1,638,3295,1803,117,43,11,48,36,844,670,79.4,88
331,João Moutinho,pt POR,MF,Wolves,35-170,1986,21.1,1378,52,336,776,330,5,1264,8,11,72.7,9,0,874,3713,1894,83,22,1,16,13,934,874,93.6,28
332,Bali Mumba,eng ENG,DF,Norwich City,20-140,2001,0.5,19,8,12,4,3,0,19,0,1,0,0,0,9,53,19,1,0,0,0,0,9,8,88.9,0
333,Jacob Murphy,eng ENG,DFMF,Newcastle Utd,27-001,1995,10.1,536,23,151,211,215,39,455,8,17,47.1,10,2,312,2203,1386,72,17,9,13,12,341,279,81.8,25
334,Enock Mwepu,zm ZAM,MF,Brighton,24-055,1998,7.1,361,18,76,186,130,26,360,10,18,55.6,12,0,239,1114,611,29,11,4,14,9,298,233,78.2,33
335,Vitaliy Mykolenko,ua UKR,DF,Everton,22-272,1999,1,71,3,20,39,13,1,63,0,0,,0,0,39,115,49,1,0,0,0,1,36,35,97.2,1
336,Marvelous Nakamba,zw ZIM,MF,Aston Villa,28-037,1994,8.4,397,29,127,238,48,0,389,3,5,60,3,0,231,1060,392,14,4,0,4,8,236,219,92.8,4
337,Wilfred Ndidi,ng NGA,MFDF,Leicester City,25-071,1996,15.8,1022,95,366,567,125,15,1008,5,8,62.5,5,0,589,2516,991,33,8,0,16,11,611,582,95.3,11
338,Tanguy Ndombele,fr FRA,MF,Tottenham,25-059,1996,5.4,352,5,46,217,114,13,344,13,24,54.2,13,1,264,1289,794,52,15,7,15,19,313,278,88.8,30
339,Reiss Nelson,eng ENG,FW,Arsenal,22-077,1999,0.2,16,0,0,7,10,2,16,0,0,,0,0,11,44,14,0,0,0,1,0,12,11,91.7,3
340,Pedro Neto,pt POR,FWMF,Wolves,21-353,2000,0.3,14,0,4,6,7,2,14,0,1,0,0,0,12,181,140,1,1,0,0,2,8,7,87.5,0
341,Rúben Neves,pt POR,MF,Wolves,24-349,1997,21,1534,74,403,935,271,7,1484,17,25,68,19,1,1067,4078,1973,76,25,2,12,17,1102,1055,95.7,20
342,Jeremy Ngakia,eng ENG,DF,Watford,21-171,2000,6.3,351,26,148,135,89,2,285,9,14,64.3,10,2,172,802,464,17,10,0,0,4,167,149,89.2,5
343,Saúl Ñíguez,es ESP,MFFW,Chelsea,27-096,1994,1.8,155,3,35,92,30,3,147,1,4,25,1,0,81,303,79,3,0,0,6,7,116,105,90.5,7
344,Eddie Nketiah,eng ENG,FWMF,Arsenal,22-271,1999,1,66,0,11,30,31,9,66,3,6,50,4,0,52,305,196,11,5,2,13,2,70,46,65.7,10
345,Nicolas Nkoulou,cm CMR,DF,Watford,31-335,1990,1.9,72,11,38,34,2,0,71,1,1,100,1,0,42,126,47,0,0,0,0,1,41,40,97.6,0
346,Mark Noble,eng ENG,MF,West Ham,34-293,1987,1.1,71,0,14,53,7,2,66,1,1,100,1,0,43,161,56,2,1,0,2,0,54,52,96.3,0
347,Mathias Normann,no NOR,MF,Norwich City,25-273,1996,9.2,499,40,175,259,89,1,466,15,19,78.9,15,0,272,1313,644,26,6,0,9,9,291,270,92.8,0
348,Christian Nørgaard,dk DEN,MF,Brentford,27-352,1994,24.6,1498,75,399,915,244,46,1424,11,21,52.4,12,0,763,2997,1519,59,16,4,13,19,898,805,89.6,25
349,Angelo Ogbonna,it ITA,DF,West Ham,33-278,1988,10.2,528,69,293,251,14,8,523,0,0,,0,0,353,1947,714,6,1,0,0,1,375,363,96.8,1
350,Michael Olise,fr FRA,FWMF,Crystal Palace,20-075,2001,8.2,573,9,57,279,288,27,534,15,34,44.1,15,0,415,2554,1595,90,28,6,17,23,498,416,83.5,32
351,Andrew Omobamidele,ie IRL,DF,Norwich City,19-247,2002,4.2,276,30,139,144,17,2,263,0,0,,0,0,162,931,539,16,5,0,2,1,164,161,98.2,1
352,Tyler Onyango,eng ENG,MFFW,Everton,18-358,2003,0.3,5,0,1,3,1,1,5,1,2,50,1,1,2,0,0,0,0,0,0,0,5,2,40,0
353,Frank Onyeka,ng NGA,MF,Brentford,24-055,1998,11.2,461,24,127,235,129,18,453,10,15,66.7,11,0,279,1668,892,35,9,3,10,18,351,269,76.6,30
354,Divock Origi,be BEL,FW,Liverpool,26-313,1995,0.8,40,1,2,9,29,13,40,1,2,50,2,0,28,97,36,3,0,1,6,2,40,32,80,12
355,Alex Oxlade-Chamberlain,eng ENG,MFFW,Liverpool,28-194,1993,8.7,502,6,50,258,244,32,492,10,15,66.7,13,0,367,2092,1234,65,33,5,10,18,463,370,79.9,54
356,Cole Palmer,eng ENG,FWMF,Manchester City,19-295,2002,1.4,76,0,5,30,46,15,76,1,3,33.3,1,1,57,265,139,7,2,3,6,4,73,62,84.9,21
357,Emerson Palmieri,it ITA,DF,Chelsea,27-206,1994,0.1,2,0,0,1,1,1,2,0,0,,0,0,2,10,2,0,0,0,0,0,2,2,100,1
358,Thomas Partey,gh GHA,MF,Arsenal,28-257,1993,17.7,1091,59,306,644,220,18,1073,22,30,73.3,22,4,736,3879,2055,75,24,2,11,13,788,753,95.6,6
359,João Pedro,br BRA,MFFW,Watford,20-152,2001,9.3,440,6,46,214,222,46,431,27,45,60,27,3,302,1723,1049,47,21,8,21,37,444,315,70.9,51
360,Nicolas Pépé,ci CIV,FWMF,Arsenal,26-272,1995,6,392,10,54,123,235,51,353,14,30,46.7,15,1,275,1210,575,37,9,7,25,15,327,260,79.5,42
361,Ricardo Pereira,pt POR,DF,Leicester City,28-142,1993,8.6,628,34,187,315,162,17,547,8,14,57.1,8,2,375,1486,962,45,12,4,6,6,411,365,88.8,10
362,Ayoze Pérez,es ESP,FWMF,Leicester City,28-217,1993,2.4,108,2,14,62,39,14,107,1,6,16.7,1,1,68,278,173,12,6,2,6,3,107,81,75.7,20
363,Sonny Perkins,eng ENG,MF,West Ham,18-015,2004,0,1,0,0,1,0,0,1,0,0,,0,0,0,0,0,0,0,0,0,0,3,1,33.3,0
364,Romain Perraud,fr FRA,DF,Southampton,24-156,1997,11.8,593,34,152,242,224,20,492,4,13,30.8,6,0,325,1638,848,37,12,4,13,7,351,303,86.3,21
365,Kalvin Phillips,eng ENG,MF,Leeds United,26-085,1995,11.1,768,50,257,430,130,7,744,4,8,50,6,0,483,2285,918,18,6,2,6,15,496,480,96.8,15
366,Jaden Philogene Bidace,eng ENG,FW,Aston Villa,19-283,2002,0.1,3,0,1,0,2,0,3,0,0,,0,0,1,0,0,0,0,0,0,1,4,2,50,1
367,Jordan Pickford,eng ENG,GK,Everton,27-355,1994,22,765,659,753,13,0,0,530,1,1,100,1,0,342,2314,1252,0,0,0,0,0,304,304,100,0
368,Erik Pieters,nl NED,DF,Burnley,33-202,1988,7.2,409,54,156,182,92,3,337,2,4,50,2,0,170,799,489,15,9,0,6,2,171,159,93,4
369,Ethan Pinnock,jm JAM,DF,Brentford,28-272,1993,23.7,1566,229,817,618,191,50,1361,3,6,50,4,0,661,3380,1805,36,8,0,10,6,808,773,95.7,10
370,Daniel Podence,pt POR,FWMF,Wolves,26-127,1995,11.5,539,1,71,246,276,35,519,24,47,51.1,25,2,435,2494,1587,79,35,16,18,20,603,420,69.7,62
371,Paul Pogba,fr FRA,MFFW,Manchester Utd,28-347,1993,9.9,753,20,120,446,232,37,745,30,38,78.9,31,1,537,2351,1386,68,14,7,17,20,654,578,88.4,39
372,Nick Pope,eng ENG,GK,Burnley,29-312,1992,21,683,573,672,14,0,0,434,1,1,100,1,0,265,1899,1155,0,0,0,0,0,183,183,100,0
373,Teemu Pukki,fi FIN,FW,Norwich City,31-333,1990,23.2,544,5,39,257,277,105,487,14,39,35.9,16,3,327,1535,846,41,16,14,35,31,826,342,41.4,136
374,Christian Pulisic,us USA,FWMF,Chelsea,23-160,1998,9.4,434,7,59,178,229,52,418,12,29,41.4,16,1,316,1717,893,58,11,10,29,14,459,325,70.8,88
375,Przemysław Płacheta,pl POL,FWMF,Norwich City,23-339,1998,4.9,200,8,49,72,89,12,183,3,7,42.9,3,0,130,858,478,18,4,5,10,13,184,121,65.8,19
376,Jesuran Rak Sakyi,eng ENG,MF,Crystal Palace,19-143,2002,0.2,13,0,1,8,4,0,11,0,0,,0,0,8,33,4,0,0,0,0,1,11,9,81.8,1
377,Aaron Ramsdale,eng ENG,GK,Arsenal,23-287,1998,21,791,652,788,4,0,0,616,1,1,100,1,0,429,2293,1254,0,0,0,0,0,387,384,99.2,0
378,Jacob Ramsey,eng ENG,MF,Aston Villa,20-273,2001,16.8,845,27,157,472,306,35,836,15,28,53.6,18,2,621,4182,2270,106,40,6,40,28,711,605,85.1,61
379,Marcus Rashford,eng ENG,FWMF,Manchester Utd,24-117,1997,9.2,413,6,42,166,235,56,410,18,43,41.9,21,3,287,1428,904,48,13,12,26,14,503,343,68.2,91
380,Milot Rashica,xk KVX,FWMF,Norwich City,25-242,1996,14.7,573,23,120,237,275,37,513,14,47,29.8,17,3,375,2949,1986,71,30,14,29,30,515,336,65.2,58
381,David Raya,es ESP,GK,Brentford,26-163,1995,12,569,455,561,10,0,0,429,0,0,,0,0,282,1436,777,0,0,0,1,0,279,278,99.6,0
382,Nathan Redmond,eng ENG,MFFW,Southampton,27-356,1994,14.9,667,20,88,300,334,37,638,16,30,53.3,19,3,451,2978,1680,90,37,11,19,16,613,461,75.2,74
383,Sergio Reguilón,es ESP,DF,Tottenham,25-071,1996,16,964,59,254,405,357,41,835,15,40,37.5,15,4,578,2639,1442,72,28,6,19,17,640,556,86.9,57
384,Declan Rice,eng ENG,MF,West Ham,23-042,1999,25,1672,99,477,1067,320,38,1652,27,45,60,30,2,1189,9047,4719,190,71,12,14,22,1201,1148,95.6,24
385,Taylor Richards,eng ENG,MFFW,Brighton,21-083,2000,0.3,32,0,3,15,16,0,32,0,1,0,1,0,26,123,59,3,2,0,0,1,29,26,89.7,4
386,Richarlison,br BRA,FWMF,Everton,24-291,1997,14.2,503,14,57,199,270,66,492,16,37,43.2,18,1,332,1488,780,41,10,7,40,35,620,320,51.6,69
387,Jaïro Riedewald,nl NED,MF,Crystal Palace,25-169,1996,1.3,66,2,19,39,15,1,61,0,2,0,0,0,43,187,73,4,2,0,1,1,46,41,89.1,3
388,Matt Ritchie,sct SCO,DF,Newcastle Utd,32-168,1989,14.6,800,45,254,328,250,9,621,3,5,60,3,1,387,1500,699,29,9,0,7,4,417,383,91.8,10
389,Connor Roberts,wls WAL,DF,Burnley,26-155,1995,6.2,298,31,95,136,77,3,232,5,5,100,5,0,132,687,394,22,6,0,1,0,142,127,89.4,4
390,Tyler Roberts,wls WAL,MFFW,Leeds United,23-044,1999,10.8,432,12,70,212,190,50,417,9,22,40.9,9,0,308,1783,828,44,18,9,21,13,438,299,68.3,79
391,Andrew Robertson,sct SCO,DF,Liverpool,27-351,1994,18.5,1654,53,335,797,621,70,1420,12,21,57.1,13,1,1039,4724,2906,134,46,7,12,11,1209,1108,91.6,93
392,Joe Rodon,wls WAL,DF,Tottenham,24-126,1997,0.9,31,10,18,14,1,0,31,0,0,,0,0,16,49,5,0,0,0,0,0,17,15,88.2,0
393,Rodri,es ESP,MF,Manchester City,25-248,1996,20.4,1907,59,359,1211,451,35,1884,7,15,46.7,8,1,1344,5491,2750,125,26,4,8,20,1527,1476,96.7,42
394,Rodrigo,es ESP,MFFW,Leeds United,30-356,1991,14.8,666,19,96,348,276,46,630,13,28,46.4,13,0,464,2315,1045,59,24,7,38,22,661,486,73.5,115
395,Jay Rodriguez,eng ENG,FW,Burnley,32-211,1989,8.4,262,9,44,120,113,29,261,7,10,70,7,2,113,754,357,20,7,2,11,8,378,175,46.3,42
396,Mads Roerslev,dk DEN,DF,Brentford,22-246,1999,10.1,357,33,139,131,99,8,346,2,15,13.3,5,0,184,645,272,14,3,1,8,10,240,182,75.8,16
397,Cristian Romero,ar ARG,DF,Tottenham,23-304,1998,9.9,690,111,388,312,34,7,671,1,3,33.3,2,0,439,2324,1199,22,6,0,5,2,457,441,96.5,5
398,Oriol Romeu,es ESP,MF,Southampton,30-154,1991,22.2,1398,68,343,851,289,31,1375,18,26,69.2,18,0,881,4143,2223,105,28,4,21,11,923,875,94.8,28
399,Cristiano Ronaldo,pt POR,FW,Manchester Utd,37-020,1985,19.4,789,25,63,358,404,127,762,13,27,48.1,15,0,473,2297,1309,94,20,26,28,23,1032,631,61.1,154
400,Salomón Rondón,ve VEN,FW,Everton,32-162,1989,7.9,255,13,25,113,121,43,249,2,6,33.3,2,0,117,440,166,8,1,1,18,8,366,177,48.4,42
401,Danny Rose,eng ENG,DF,Watford,31-238,1990,7.7,409,34,138,180,112,4,305,9,15,60,9,2,175,833,508,25,8,0,4,6,192,173,90.1,6
402,Jon Rowe,eng ENG,FWMF,Norwich City,18-301,2003,0.6,22,1,5,6,13,1,22,1,2,50,2,0,14,64,48,4,1,1,1,0,21,11,52.4,2
403,Antonio Rüdiger,de GER,DF,Chelsea,28-359,1993,24,1852,163,765,1017,212,33,1809,4,6,66.7,4,0,1311,6233,3715,119,43,2,5,12,1461,1423,97.4,11
404,Lukas Rupp,de GER,MF,Norwich City,31-048,1991,5.3,336,20,89,174,99,12,333,6,7,85.7,6,0,239,1111,519,28,10,0,9,12,247,226,91.5,16
405,José Sá,pt POR,GK,Wolves,29-039,1993,25,784,728,778,6,0,0,557,1,1,100,1,0,345,2175,1246,0,0,0,0,0,228,228,100,0
406,Allan Saint-Maximin,fr FRA,FWMF,Newcastle Utd,24-350,1997,21.9,858,6,81,434,486,102,836,100,163,61.3,108,2,819,5553,3575,171,65,41,59,86,909,649,71.4,88
407,Romain Saïss,ma MAR,DF,Wolves,31-336,1990,22.4,1508,237,867,614,82,26,1473,3,4,75,3,0,843,3578,1788,47,11,1,2,6,972,951,97.8,3
408,Bukayo Saka,eng ENG,FWMF,Arsenal,20-173,2001,20.2,1020,14,112,391,594,140,975,38,70,54.3,39,5,778,4538,3030,166,38,36,49,38,1054,764,72.5,161
409,Mohamed Salah,eg EGY,FW,Liverpool,29-255,1992,23.1,1154,5,52,373,800,243,1142,44,97,45.4,51,1,880,4068,2537,162,30,59,55,56,1464,952,65,272
410,Mohammed Salisu,gh GHA,DF,Southampton,22-314,1999,23,1557,206,751,778,122,22,1478,7,11,63.6,7,0,855,5420,2603,85,11,0,5,13,861,841,97.7,3
411,Albert Sambi Lokonga,be BEL,MF,Arsenal,22-126,1999,10.1,701,28,192,403,147,2,684,3,4,75,3,0,475,2884,1603,66,12,0,9,5,525,507,96.6,9
412,Davinson Sánchez,co COL,DF,Tottenham,25-258,1996,14.4,970,114,462,488,88,18,950,2,4,50,3,0,607,3277,1757,71,13,0,3,7,674,655,97.2,4
413,Robert Sánchez,es ESP,GK,Brighton,24-099,1997,24,1095,843,1086,11,0,0,907,0,0,,0,0,631,2826,1621,0,0,0,0,0,656,656,100,0
414,Jadon Sancho,eng ENG,FWMF,Manchester Utd,21-337,2000,14.3,830,16,118,358,444,74,809,33,60,55,35,13,642,4062,2783,140,51,36,28,30,786,638,81.2,89
415,Morgan Sanson,fr FRA,MF,Aston Villa,27-191,1994,2.5,156,4,35,97,38,1,156,3,3,100,3,0,120,764,396,19,5,0,3,6,116,100,86.2,3
416,Samir Santos,br BRA,DF,Watford,27-082,1994,7,389,45,260,146,10,5,381,0,1,0,0,1,214,1008,490,9,2,1,0,3,222,217,97.7,1
417,Josh Sargent,us USA,FWMF,Norwich City,22-005,2000,13.7,508,28,96,213,226,56,500,13,22,59.1,13,0,292,1603,738,29,13,4,32,29,534,312,58.4,70
418,Jeremy Sarmiento,ec ECU,FW,Brighton,19-254,2002,0.2,16,2,6,7,4,0,16,1,1,100,1,0,11,103,65,1,0,0,1,1,9,8,88.9,1
419,Ismaila Sarr,sn SEN,MFFW,Watford,24-000,1998,13.9,541,5,71,220,305,63,535,27,49,55.1,29,5,423,2735,1819,91,31,21,47,39,609,408,67,94
420,Malang Sarr,fr FRA,DF,Chelsea,23-033,1999,3.8,315,29,127,179,29,0,298,0,1,0,0,0,203,854,430,15,6,0,0,0,220,215,97.7,2
421,Fabian Schär,ch SUI,DF,Newcastle Utd,30-067,1991,13.8,673,119,413,279,41,11,631,4,6,66.7,4,0,368,2434,1503,29,8,0,2,3,376,362,96.3,2
422,Jeffrey Schlupp,gh GHA,MFFW,Crystal Palace,29-064,1992,11.4,539,22,105,295,167,41,534,17,32,53.1,18,3,326,1599,816,38,6,5,21,21,415,338,81.4,34
423,Kasper Schmeichel,dk DEN,GK,Leicester City,35-112,1986,23,895,800,885,11,0,0,607,0,0,,0,0,378,1610,765,1,0,0,0,0,382,378,99,0
424,Ken Sema,se SWE,MFFW,Watford,28-148,1993,5.8,201,15,60,91,63,9,195,6,13,46.2,7,2,125,655,382,18,2,3,11,14,178,111,62.4,21
425,Nélson Semedo,pt POR,DF,Wolves,28-101,1993,22.1,1362,92,401,580,486,52,1165,30,60,50,36,3,872,4465,2837,139,48,16,33,26,906,786,86.8,76
426,Ryan Sessegnon,eng ENG,DFMF,Tottenham,21-283,2000,4.6,222,16,68,83,81,12,197,4,10,40,4,0,141,719,412,20,2,3,8,9,148,125,84.5,13
427,Jamie Shackleton,eng ENG,DF,Leeds United,22-140,1999,7.5,472,25,186,226,93,12,412,8,15,53.3,8,1,305,1478,774,27,7,2,4,6,304,273,89.8,12
428,Luke Shaw,eng ENG,DF,Manchester Utd,26-228,1995,17.1,1261,61,307,606,449,16,1053,9,23,39.1,11,1,772,4212,2445,91,49,1,9,10,873,794,91,31
429,Jonjo Shelvey,eng ENG,MF,Newcastle Utd,29-363,1992,14,721,31,224,396,137,1,658,6,8,75,8,0,415,1899,805,23,6,0,9,6,434,409,94.2,4
430,Francisco Sierralta,cl CHI,DF,Watford,24-295,1997,4.7,246,68,193,62,2,2,241,1,1,100,1,0,122,524,250,1,0,0,2,1,136,133,97.8,0
431,Bernardo Silva,pt POR,MFFW,Manchester City,27-199,1994,23.7,1649,36,210,790,779,157,1593,43,68,63.2,48,2,1268,7533,4309,249,76,29,29,26,1478,1288,87.1,167
432,Fábio Silva,pt POR,FWMF,Wolves,19-221,2002,1.7,67,1,5,27,40,12,64,1,5,20,1,1,39,245,134,7,2,1,6,2,105,49,46.7,13
433,Thiago Silva,br BRA,DF,Chelsea,37-156,1984,19.3,1724,260,848,945,57,19,1690,4,5,80,4,1,1148,6473,4000,122,19,1,5,2,1273,1255,98.6,3
434,Ellis Simms,eng ENG,FW,Everton,21-051,2001,0.7,19,2,4,12,3,1,19,0,0,,0,0,8,6,1,1,0,1,0,1,32,13,40.6,0
435,Moussa Sissoko,fr FRA,MF,Watford,32-193,1989,22.8,977,89,285,553,210,22,959,27,41,65.9,29,2,547,3164,1666,55,20,3,20,24,596,515,86.4,40
436,Oliver Skipp,eng ENG,MF,Tottenham,21-162,2000,15,953,30,192,655,156,10,937,2,3,66.7,2,0,646,3134,1730,88,27,5,9,12,731,692,94.7,13
437,William Smallbone,ie IRL,MF,Southampton,22-004,2000,0.8,28,2,6,10,12,4,27,0,1,0,0,0,14,67,38,2,0,1,2,0,19,13,68.4,4
438,Emile Smith Rowe,eng ENG,MFFW,Arsenal,21-212,2000,15.3,748,14,110,353,359,48,717,27,42,64.3,28,0,544,3179,2088,105,44,15,27,26,662,549,82.9,62
439,Cédric Soares,pt POR,DF,Arsenal,30-178,1991,5.2,313,20,78,143,100,3,261,1,3,33.3,1,0,178,767,365,16,4,0,1,2,203,179,88.2,4
440,Tomáš Souček,cz CZE,MF,West Ham,26-363,1995,23.9,1278,107,346,695,304,72,1267,7,16,43.8,8,1,640,2955,1385,62,24,2,25,13,933,768,82.3,44
441,Boubakary Soumaré,fr FRA,MF,Leicester City,22-363,1999,11.4,626,29,169,373,115,6,624,8,16,50,9,1,408,1800,748,34,5,1,15,16,495,444,89.7,20
442,Çağlar Söyüncü,tr TUR,DF,Leicester City,25-278,1996,19.7,1459,209,847,670,38,8,1427,5,6,83.3,5,0,923,4828,2246,38,11,0,5,3,992,976,98.4,1
443,Jason Steele,eng ENG,GK,Brighton,31-191,1990,1,42,37,42,0,0,0,36,0,0,,0,0,28,90,36,0,0,0,0,0,28,28,100,0
444,Jed Steer,eng ENG,GK,Aston Villa,29-155,1992,1,37,33,36,1,0,0,28,0,0,,0,0,19,77,52,0,0,0,0,0,20,19,95,0
445,Zack Steffen,us USA,GK,Manchester City,26-329,1995,1,41,37,41,0,0,0,32,0,0,,0,0,18,58,23,0,0,0,0,0,20,20,100,0
446,Dale Stephens,eng ENG,MF,Burnley,32-258,1989,1.4,75,4,14,56,10,0,75,0,0,,0,0,34,120,35,0,2,0,2,1,43,37,86,1
447,Jack Stephens,eng ENG,DF,Southampton,28-029,1994,5.9,358,52,190,183,16,2,343,0,1,0,0,0,187,1271,788,22,7,0,1,0,205,198,96.6,1
448,Raheem Sterling,eng ENG,FW,Manchester City,27-079,1994,16.6,916,4,44,287,649,167,909,31,77,40.3,34,2,792,3799,2255,145,21,40,30,52,973,764,78.5,162
449,Finley Stevens,wls WAL,DF,Brentford,18-321,2003,0.2,10,0,2,5,3,1,10,0,0,,0,0,4,22,0,0,0,0,0,0,6,5,83.3,1
450,John Stones,eng ENG,DF,Manchester City,27-273,1994,6.6,533,46,162,373,45,5,513,2,3,66.7,2,0,380,2606,1569,71,15,0,2,0,426,416,97.7,2
451,Pascal Struijk,nl NED,DFMF,Leeds United,22-198,1999,15.3,1040,133,588,437,74,7,1006,4,5,80,4,0,604,3227,1763,26,3,0,4,10,660,636,96.4,8
452,Crysencio Summerville,nl NED,MFFW,Leeds United,20-118,2001,1.4,85,2,16,26,47,7,84,3,6,50,3,0,70,341,148,11,0,1,2,5,73,57,78.1,12
453,Jakob Sørensen,dk DEN,DFMF,Norwich City,23-359,1998,4.1,223,31,112,103,18,7,215,2,2,100,2,1,121,611,349,9,1,0,2,2,135,123,91.1,3
454,Japhet Tanganga,eng ENG,DF,Tottenham,22-331,1999,8.2,501,46,180,242,115,11,447,3,6,50,3,0,283,1401,954,35,15,3,4,9,327,310,94.8,12
455,Matt Targett,eng ENG,DF,Newcastle Utd,26-160,1995,2,140,8,37,64,40,4,109,1,3,33.3,1,0,60,187,85,5,0,0,1,0,62,57,91.9,2
456,Matt Targett,eng ENG,DF,Aston Villa,26-160,1995,15.9,965,62,289,423,291,17,818,1,5,20,1,0,508,1905,1096,36,11,3,8,6,586,526,89.8,31
457,James Tarkowski,eng ENG,DF,Burnley,29-098,1992,21,927,191,478,411,69,42,917,3,5,60,3,0,343,1668,783,14,3,0,9,3,441,403,91.4,6
458,Nuno Tavares,pt POR,DF,Arsenal,22-030,2000,7,503,25,154,206,182,29,448,16,28,57.1,16,0,341,1785,1091,54,19,8,7,7,335,314,93.7,22
459,Charlie Taylor,eng ENG,DF,Burnley,28-160,1993,16,962,93,335,422,269,6,801,15,30,50,18,0,463,3250,1366,62,27,0,9,11,450,429,95.3,14
460,Nathan Tella,eng ENG,MFFW,Southampton,22-235,1999,6.5,256,7,42,115,123,19,249,11,27,40.7,13,1,182,1066,608,25,11,5,28,18,238,148,62.2,28
461,Alex Telles,br BRA,DF,Manchester Utd,29-072,1992,8.3,640,26,179,285,211,10,536,2,8,25,2,0,343,1431,804,31,19,0,2,6,404,369,91.3,21
462,Luke Thomas,eng ENG,DF,Leicester City,20-260,2001,14.2,976,62,341,455,230,13,821,11,22,50,14,0,547,2191,1195,46,21,2,19,16,577,545,94.5,18
463,Dominic Thompson,eng ENG,DF,Brentford,21-214,2000,1.6,56,8,32,16,11,2,54,0,1,0,0,0,32,97,42,0,0,0,2,0,35,29,82.9,0
464,Youri Tielemans,be BEL,MF,Leicester City,24-294,1997,17.3,1246,64,298,693,318,28,1174,11,16,68.8,11,0,808,2828,1696,72,27,4,15,19,961,888,92.4,43
465,Kieran Tierney,sct SCO,DF,Arsenal,24-265,1997,17.3,1068,50,261,485,399,43,917,6,20,30,8,1,651,3270,2044,98,32,9,11,5,708,652,92.1,53
466,Takehiro Tomiyasu,jp JPN,DF,Arsenal,23-112,1998,15.4,1082,60,344,536,261,17,942,6,11,54.5,6,0,569,2568,1434,56,22,2,18,14,654,597,91.3,23
467,James Tomkins,eng ENG,DF,Crystal Palace,32-333,1989,6.1,363,90,254,109,9,8,343,2,2,100,2,0,204,895,383,8,0,0,1,0,243,237,97.5,1
468,Ivan Toney,eng ENG,FW,Brentford,25-346,1996,21,782,37,111,367,337,90,764,13,26,50,13,2,416,1595,771,35,11,4,58,40,1085,543,50,134
469,Ferrán Torres,es ESP,FW,Manchester City,21-361,2000,3.4,104,0,5,30,71,28,99,4,5,80,4,0,72,283,93,2,0,2,4,4,125,78,62.4,29
470,Cenk Tosun,tr TUR,FW,Everton,30-263,1991,0.1,3,0,0,3,0,0,3,0,0,,0,0,2,13,0,0,0,0,1,0,5,2,40,0
471,Andros Townsend,eng ENG,MF,Everton,30-224,1991,16,708,14,129,297,347,30,656,24,43,55.8,26,0,489,2793,1478,69,25,8,32,31,592,427,72.1,65
472,Adama Traoré,es ESP,FW,Wolves,26-031,1996,11.9,497,5,57,232,279,56,495,62,85,72.9,64,1,478,3606,2272,97,31,29,37,35,631,394,62.4,73
473,Bertrand Traoré,bf BFA,MFFW,Aston Villa,26-172,1995,1.7,88,0,4,47,45,10,86,10,21,47.6,12,4,80,457,184,12,2,4,7,1,103,67,65,14
474,Trézéguet,eg EGY,FW,Aston Villa,27-147,1994,0.1,9,0,0,5,4,1,9,1,1,100,1,0,9,30,12,1,0,0,2,0,13,9,69.2,3
475,Francisco Trincão,pt POR,FWMF,Wolves,22-058,1999,11.2,509,2,65,241,258,35,491,28,62,45.2,35,12,379,2036,1215,54,20,7,22,20,513,350,68.2,76
476,Kieran Trippier,eng ENG,DF,Newcastle Utd,31-159,1990,3.5,250,16,77,108,73,0,183,0,1,0,0,0,104,307,164,6,2,0,1,3,98,94,95.9,3
477,William Troost-Ekong,ng NGA,DF,Watford,28-177,1993,15.3,704,150,466,259,16,4,689,1,2,50,1,0,357,2199,1377,22,2,0,0,0,417,410,98.3,2
478,Leandro Trossard,be BEL,FWMF,Brighton,27-083,1994,20.4,1009,9,117,394,563,111,972,40,54,74.1,41,1,767,4308,2271,119,29,27,45,61,975,756,77.5,135
479,Kostas Tsimikas,gr GRE,DF,Liverpool,25-289,1996,7.4,571,27,135,211,266,25,474,7,13,53.8,7,2,344,1898,1030,61,23,6,4,9,370,337,91.1,42
480,Axel Tuanzebe,eng ENG,DF,Aston Villa,24-103,1997,5.6,263,41,161,112,7,3,257,0,0,,0,0,155,908,419,4,0,0,2,0,179,172,96.1,1
481,Ozan Tufan,tr TUR,MF,Watford,26-339,1995,3.7,151,5,26,87,50,9,141,2,3,66.7,2,0,82,465,194,7,4,1,5,5,125,88,70.4,14
482,Christos Tzolis,gr GRE,FWMF,Norwich City,20-026,2002,3.4,124,3,19,52,60,17,123,0,3,0,0,0,94,568,376,20,6,7,8,4,133,94,70.7,25
483,Yan Valery,fr FRA,DF,Southampton,23-003,1999,1,35,6,10,21,6,0,35,0,0,,0,0,21,120,54,3,1,0,1,0,17,17,100,0
484,Raphaël Varane,fr FRA,DF,Manchester Utd,28-306,1993,13.3,869,110,429,472,31,12,840,2,5,40,2,1,533,3689,1949,42,6,0,2,1,587,573,97.6,0
485,Jamie Vardy,eng ENG,FW,Leicester City,35-045,1987,14.7,292,11,23,126,164,72,266,8,13,61.5,9,0,160,1058,662,37,10,17,16,8,507,204,40.2,85
486,Joël Veltman,nl NED,DF,Brighton,30-041,1992,19.1,1377,108,510,636,312,18,1200,12,23,52.2,13,1,785,3776,1644,55,13,1,12,9,833,793,95.2,12
487,Jannik Vestergaard,dk DEN,DF,Leicester City,29-206,1992,6.3,439,97,267,179,8,3,429,3,3,100,3,0,284,1284,565,8,3,0,1,0,303,291,96,0
488,Nikola Vlašić,hr CRO,FWMF,West Ham,24-144,1997,4.3,205,1,27,100,95,23,204,6,9,66.7,7,1,163,908,499,23,8,5,5,12,197,142,72.1,32
489,Matěj Vydra,cz CZE,FW,Burnley,29-300,1992,5,133,7,13,38,87,28,133,5,8,62.5,5,0,74,227,92,5,1,0,16,8,244,102,41.8,38
490,Theo Walcott,eng ENG,MFFW,Southampton,32-346,1989,4.2,130,3,27,46,63,18,129,1,2,50,1,0,78,363,153,8,3,2,9,3,137,85,62,22
491,Kyle Walker,eng ENG,DF,Manchester City,31-273,1990,15.5,1437,34,274,923,328,17,1319,5,9,55.6,6,0,1053,4412,1901,74,33,4,9,4,1151,1104,95.9,21
492,Kyle Walker-Peters,eng ENG,DF,Southampton,24-318,1997,17,1004,55,254,490,344,51,862,27,43,62.8,27,0,653,4311,2741,140,44,24,19,23,633,575,90.8,49
493,Aaron Wan-Bissaka,eng ENG,DF,Manchester Utd,24-091,1997,15.9,1078,65,373,495,286,17,937,28,43,65.1,28,4,687,3265,1919,75,27,4,8,20,717,646,90.1,28
494,Joel Ward,eng ENG,DF,Crystal Palace,32-119,1989,23,1700,118,657,810,318,9,1442,12,20,60,13,0,977,4567,2409,77,25,1,9,18,1028,991,96.4,10
495,James Ward-Prowse,eng ENG,MF,Southampton,27-116,1994,22.7,1519,60,284,835,462,18,1304,13,18,72.2,13,0,834,3007,1358,61,18,2,10,24,930,859,92.4,28
496,Ollie Watkins,eng ENG,FW,Aston Villa,26-057,1995,19.2,700,17,43,315,382,108,681,19,39,48.7,20,0,442,2007,1157,73,21,23,43,52,922,524,56.8,161
497,Adam Webster,eng ENG,DF,Brighton,27-052,1995,13,1124,101,569,558,104,11,1099,7,8,87.5,7,1,742,4475,2868,71,22,2,3,5,808,798,98.8,2
498,Wout Weghorst,nl NED,FW,Burnley,29-202,1992,4.8,198,9,24,95,83,16,198,7,10,70,7,1,108,343,133,6,0,2,16,13,256,137,53.5,36
499,Danny Welbeck,eng ENG,FWMF,Brighton,31-091,1990,6.2,177,6,16,65,107,30,176,4,10,40,5,0,115,501,262,17,4,5,21,16,235,131,55.7,41
500,Timo Werner,de GER,FW,Chelsea,25-356,1996,6.4,232,1,19,88,145,56,226,5,17,29.4,7,1,182,1104,645,30,6,14,17,9,302,175,57.9,53
501,Ashley Westwood,eng ENG,MF,Burnley,31-330,1990,18.8,1042,42,200,614,270,15,933,8,15,53.3,8,0,581,2291,1093,27,14,1,15,10,692,627,90.6,18
502,Ben White,eng ENG,DF,Arsenal,24-140,1997,22,1358,165,649,718,92,13,1316,6,15,40,7,2,897,5066,2867,62,15,2,6,10,912,901,98.8,2
503,Brandon Williams,eng ENG,DF,Norwich City,21-175,2000,17.6,1065,95,403,482,267,25,921,13,28,46.4,15,0,619,3497,2022,68,29,6,22,21,620,574,92.6,26
504,Neco Williams,wls WAL,DF,Liverpool,20-318,2001,0.1,8,0,2,2,4,1,7,2,2,100,2,0,8,34,22,2,0,1,0,0,7,7,100,2
505,Joe Willock,eng ENG,MF,Newcastle Utd,22-189,1999,15.6,584,21,158,275,207,40,572,22,52,42.3,29,4,421,2686,1500,60,22,10,16,26,408,329,80.6,33
506,Callum Wilson,eng ENG,FW,Newcastle Utd,29-363,1992,13.2,317,13,37,138,164,56,300,14,23,60.9,16,0,183,648,355,19,7,11,51,26,559,218,39,46
507,Harry Winks,eng ENG,MF,Tottenham,26-023,1996,8.3,625,19,128,388,144,4,599,5,11,45.5,6,0,439,2132,912,38,11,1,4,9,488,474,97.1,10
508,Yoane Wissa,cd COD,FW,Brentford,25-175,1996,7.6,210,7,34,91,97,22,208,7,7,100,7,2,127,624,324,22,6,2,14,9,291,143,49.1,45
509,Chris Wood,nz NZL,FW,Newcastle Utd,30-080,1991,5,174,1,10,94,74,21,173,3,6,50,3,0,72,219,91,5,3,0,19,4,223,144,64.6,28
510,Chris Wood,nz NZL,FW,Burnley,30-080,1991,15.2,453,12,28,202,235,51,445,5,9,55.6,5,0,195,639,257,17,6,2,51,15,783,356,45.5,90
511,Freddie Woodman,eng ENG,GK,Newcastle Utd,24-358,1997,4,128,123,128,0,0,0,79,0,0,,0,0,54,350,215,0,0,0,0,0,49,49,100,0
512,Granit Xhaka,ch SUI,MF,Arsenal,29-151,1992,12.2,762,30,143,463,192,25,741,10,13,76.9,10,0,480,2319,1222,61,12,2,10,8,568,531,93.5,34
513,Andriy Yarmolenko,ua UKR,FWMF,West Ham,32-125,1989,1.1,69,1,9,22,42,10,69,1,4,25,3,0,48,317,180,8,3,4,1,3,72,55,76.4,12
514,Ashley Young,eng ENG,DFFW,Aston Villa,36-231,1985,8.6,409,20,100,192,143,14,363,6,10,60,7,1,245,1152,730,30,8,4,9,5,314,262,83.4,29
515,Wilfried Zaha,ci CIV,FW,Crystal Palace,29-107,1992,19.5,1022,9,99,495,528,94,1004,47,99,47.5,50,7,869,4278,2535,151,52,34,77,96,1122,775,69.1,155
516,Oleksandr Zinchenko,ua UKR,DF,Manchester City,25-072,1996,6.6,643,11,101,352,233,8,594,2,4,50,2,0,470,2175,1179,63,26,2,5,2,506,489,96.6,13
517,Hakim Ziyech,ma MAR,FWMF,Chelsea,28-343,1993,9.7,603,8,54,245,334,49,576,23,38,60.5,24,5,478,2175,1065,61,19,14,17,27,523,428,81.8,83
518,Kurt Zouma,fr FRA,DF,West Ham,27-121,1994,13.8,683,135,376,316,28,12,666,2,3,66.7,3,1,367,1996,1047,20,4,0,4,0,404,395,97.8,3
519,Martin Ødegaard,no NOR,MF,Arsenal,23-070,1998,17.3,1059,10,137,539,457,41,980,13,22,59.1,13,0,735,3704,1876,109,36,6,25,30,892,780,87.4,70